id,masked_docstring,t5_pred,target_span,t5_seq_logprob,t5_f
docgap_b3bc8e5ce986204b,Verifies that the challenge is a Bearer challenge [GAP] key = value pairs.,with a,and returns the,-0.6068935990333557,0.10416666666666667
docgap_8762a4bdf8193865,Wrap file generation in a transaction [GAP] if finishes.,file,moving to output,-0.25412631034851074,0.021978021978021976
docgap_14050f71861393f9,Filter [GAP] which a specific number of points is less than threshold.,a defragment for,the data for,-0.5515257120132446,0.2608695652173913
docgap_bf474702636f53db,Return a [GAP] representing this model.,dict,json dictionary,-0.38947752118110657,0.23529411764705882
docgap_dbc835e2cf25867f,Extends with a list and [GAP]-order,z,a z,-0.28363484144210815,0.2857142857142857
docgap_fd00d5d3144856b8,Returns the residue number [GAP] Pybel or OpenBabel atom.,of the,of an,-0.29870691895484924,0.3333333333333333
docgap_a10ad08dccfe56dd,Utility function to summarize provenance [GAP] a Cohort.,of,files for,-0.4135798513889313,0.09523809523809523
docgap_369d9bf1d5bbc5f3,Sanitize the current settings of [GAP]-Reply message.,the Message,the Map,-0.965878963470459,0.4102564102564103
docgap_fc944f4452da2cb6,Convert a string of roman [GAP] integer.,strings into an,numbers into an,-0.2594459056854248,0.5466666666666666
docgap_72dba91b3e0a5133,Flushes the [GAP] tables and sequences.,sql,given database,-0.46758168935775757,0.026666666666666665
docgap_d2a89781e42529cf,Remove Padding with zeroes + last byte equal [GAP] number of padding bytes,to the,to the,-0.20774777233600616,1.0
docgap_97a796c14cc1b2b8,Get the raw SOAP [GAP] a request.,for,XML for,-0.5942344665527344,0.3636363636363636
docgap_b0b5bfe0777730d8,List all the filesystems [GAP] system.,in the,mounted on the,-0.423637330532074,0.3333333333333333
docgap_fce8987736002442,Register [GAP] class to the frontend.,the media,a Media,-0.33418887853622437,0.33333333333333337
docgap_e27f933a0097743f,Helper function for taking an integer and [GAP] a hex string.,putting,returning,-0.8150323629379272,0.24242424242424246
docgap_b4f7b5e19d246704,Reset our HEAD to the given commit optionally [GAP] and working tree.,in the index,synchronizing the index,-0.5933688282966614,0.5333333333333333
docgap_8cf227eca4d7f0d2,Loads [GAP] into a private key object.,a private key,a private key,-0.3102719187736511,1.0
docgap_54beef51d2d5bc34,Parse the [GAP] command into a dictionary.,blpload,NAME_IMPORT,-1.301952600479126,0.0
docgap_f45864d5917d0821,A simple anomaly detection using Seasonal Hybrid [GAP] Tests for a series of anomalies.,Detection,ESD,-0.8518925309181213,0.044444444444444446
docgap_6969b5208ea8c30a,Returns the TensorFlow expression [GAP] error of two target distribution.,of the absolute,of the absolute difference,-0.6589108109474182,0.6944444444444444
docgap_4670fc9efe7051b9,GET peering entries [GAP] the currency network,from,of every node inside,-0.2264910191297531,0.05217391304347825
docgap_8d34aa41ba93cb19,Return the most appropriate text [GAP] a given message.,for,processor that can handle,-0.3298526406288147,0.0425531914893617
docgap_a05f59f62e5be25d,Returns a subsequence from [GAP] specified indices.,the,given tuple omitting,-0.4419286847114563,0.036036036036036036
docgap_42562e730d062490,Set the [GAP] bounds of the named parameter.,value and,value and,-0.5799773931503296,1.0
docgap_08b93e8d4327b43e,Sorts the [GAP] by a column or row or list of labels.,value,DataFrame,-0.2981834411621094,0.07407407407407407
docgap_d4cabede1064fde0,Returns [GAP] guess of intended case.,a,the best,-0.22536727786064148,0.0
docgap_6db4523fc7d96a59,Converts negative indices to positive ones and [GAP] length-1 depending on lengthAllowed.,returns,indices above length to,-0.41119155287742615,0.05333333333333334
docgap_afdec27d17b1a899,Browserify one or more library directories into a single javascript file. Generates source maps [GAP] Minifies the output in release mode.,and,in debug mode,-0.21537047624588013,0.057971014492753624
docgap_a418299d1ddc2b2d,Read a [GAP] a list of SquadExample objects.,string of Examples and return,SQuAD json file into,-0.6622205376625061,0.11363636363636365
docgap_12a2bd2e822950fb,returns a list of dicts that are [GAP] two dicts,the same as,used to compare,-0.7848735451698303,0.12698412698412698
docgap_50abf156d002a684,Interactive convenience for displaying the [GAP] code string.,text,AST of a Python,-0.981022298336029,0.023529411764705882
docgap_0e6ad56eb76458c6,Determines if the Activity is configured with input [GAP] output properties.,properties or,and,-0.2755383849143982,0.0
docgap_ea181c7a71c2a885,Set a new global trigger or response limit for [GAP] identifier.,the specified,the given,-0.6317507028579712,0.23529411764705882
docgap_bd97ce4bb20f7c70,Create an array mapping variant alleles into a [GAP] index.,dtype,different allele,-0.5446707606315613,0.0625
docgap_38178888139749e2,Get [GAP] the message s header fields and values.,the item from,all,-0.8980626463890076,0.0
docgap_3f74eaf22a714b3b,Cancels [GAP] calls its target method immediately,timer and,the timer and,-0.46935781836509705,0.7647058823529412
docgap_fd24f21ce0a9cd5d,Return list of features [GAP] importances in classification,and feature,and their,-0.2768602967262268,0.2888888888888889
docgap_707a08216adf01d6,Converts a url to an ascii%-encoded form where the first part is a scheme + domain + the second part is [GAP] of the url,a URI,a remainder,-0.7469705939292908,0.0909090909090909
docgap_648a6cc78d9dede2,Return the original object if [GAP]-like object.,the datetime is a datetime,it is a datetime,-0.4174955189228058,0.6396396396396397
docgap_92a69c257cb208d8,Fantope [GAP] of Aracite Aracite.,for the use,projection and selection,-0.8722239136695862,0.1
docgap_ccb4ca8e61f4fd79,Create the boto config [GAP] support standalone GSUtil.,to,file to,-0.3556413948535919,0.19999999999999998
docgap_2d0a0bce556c8436,Updates the [GAP] the common: class: Reftrack actions.,restrictions of,restricted attributes of,-0.46640434861183167,0.43137254901960786
docgap_013701d9651bec05,Converts a DiscourseDocumentGraph into a set of PAULA [GAP] same document.,s from the,XML files representing the,-0.5370142459869385,0.17204301075268819
docgap_456a3ef0207b1a2e,Initializes the [GAP] and session pool for the given application.,app,database connection pool,-0.28418537974357605,0.02962962962962963
docgap_915c3bc04e83ed59,Refresh [GAP] data from the API.,the API,the instance,-0.530552089214325,0.23809523809523808
docgap_de54f2700a54d5ab,Traverse the bone hierarchy [GAP] bodies.,of the,and create physics,-0.3059905469417572,0.07017543859649122
docgap_96d7d280cc79976c,Add a method to obj that returns the [GAP] the hierarchy.,new method in,next item in,-0.5136010050773621,0.21666666666666667
docgap_e258d61d586c094b,execute command [GAP] systemd-run inside container,to run,via,-0.3890950083732605,0.0
docgap_3d7079b6574c5f88,Return the CIM-XML representation [GAP] instance as an object of a proper subclass of Element.,of the,of this,-0.3385375142097473,0.6250000000000001
docgap_8f36b679c409fdb3,This function is used to create a multidot operation [GAP] single-dimensional tree tree.,for a,for a,-0.14149151742458344,1.0
docgap_311160bd162bc8ce,Check to see if [GAP] is enabled to start on boot CLI Example: bash service. enabled < service name >,a service name,the named service,-0.28946834802627563,0.6794871794871794
docgap_c5d648b4de092dfd,Convert pressure trend to a string as used by the [GAP] office.,pressure,UK met,-0.5734949707984924,0.037037037037037035
docgap_b04bfb80be4ae741,Check the [GAP] an RSA private key.,value of,consistency of,-0.45002323389053345,0.1372549019607843
docgap_9a0b07c562913c6c,boot an ec2 instance and [GAP] file,boot the,update the ec2 state,-0.8015907406806946,0.15942028985507248
docgap_3b4e63c1d805118a,Start connecting to [GAP] on the _dst_addrs list.,the addrs list,the next address,-0.5853520035743713,0.3733333333333333
docgap_94e1a10f1672916b,Convert [GAP] pixel image coordinates given transform and UTM CRS.,a,WGS84 coordinates to,-0.7422668933868408,0.01886792452830189
docgap_5605eb65c74ae5dd,loads the GP [GAP] a JSON string,value from,object from,-0.5405288934707642,0.3333333333333333
docgap_21694ea545d467fe,\ Returns the data [GAP] blocks.,block,and error,-0.6303375959396362,0.037037037037037035
docgap_e7380fb5963251bb,Groups the [GAP] columns count or aggregate others.,labels that,rows by multiple,-0.6135691404342651,0.12121212121212122
docgap_ad351b20851667af,Calculates a normalization factor from the geometric mean of the [GAP] all ref_targets normalized to a reference sample.,sampleframe and returns,expression of,-0.5300372838973999,0.10752688172043011
docgap_f09fa0d2d26153e9,Return the [GAP] for a word.,soundex,Daitch-Mokotoff Soundex code,-0.3322411775588989,0.23333333333333334
docgap_ee5ca23a4284ec1d,Declare [GAP] type. May overwrite existing entry.,a new event,a new event,-0.30026671290397644,1.0
docgap_433b46dad48b957c,Return the [GAP] file for a certain day matching certain criteria.,data,game,-0.8444216251373291,0.10000000000000002
docgap_5105d3a993e3d10b,Returns the result of element-wise [GAP] operation with broadcasting.,ufunc,greater than rhs comparison,-0.7424930930137634,0.02469135802469136
docgap_97f8a13b193bdd52,Send a request [GAP] with future replies.,to a request,to the server,-0.6804436445236206,0.2
docgap_a325343f5883081e,Runs a command line and returns a dictionary containing the [GAP] command line and the exit code.,current,output of the,-0.5385881662368774,0.06666666666666667
docgap_8b4b3cc910619022,Update the internal state [GAP] position detail.,of the,of the investor,-0.2082672119140625,0.43750000000000006
docgap_0badf7d58ff8c272,This function returns a list of control group hierarchy [GAP] given subsystem.,for the,which belong to the,-0.2528321146965027,0.1746031746031746
docgap_27c46d5bba30a8ee,Calculates the [GAP]-likelihood of data given noise parametrized by x.,poisson,poisson log,-0.2904954254627228,0.6923076923076924
docgap_b9b1e75e30e4b145,Send the request s HTTP [GAP] and header fields.,request to the full URL,status line,-0.7348926663398743,0.09195402298850575
docgap_2139fc32598cf1f2,Plots the list [GAP] a single Brillouin Zone.,of points in,of points in,-0.3138143718242645,1.0
docgap_82cd9d0bf21605c1,Refreshes the contacts service endpoint ensuring that the contacts data [GAP]-date.,is up to,is up-to,-0.4188690185546875,0.5454545454545454
docgap_ef8fc8633dc7e3da,Checks [GAP] a worker is carrying vespene.,if,if,-0.0946972593665123,1.0
docgap_a48fbc15af5fb4dd,Extends shape [GAP] in case they differ from the existing endpoints.,of the JUNctionPos,with the given positions,-0.5893436074256897,0.2522522522522523
docgap_b7479c88bbd8376f,Checks if a given Requirement is the [GAP] version available.,current,latest,-0.14274007081985474,0.08333333333333333
docgap_33f2254a23084cef,Checks whether contents of repo are [GAP] standard set.,valid in the,consistent with,-0.48487409949302673,0.12121212121212122
docgap_7cb2bae2d6e4b387,Set [GAP] the metadata.,the path for,the active path for,-0.5444357395172119,0.6666666666666667
docgap_c5b43c68161a2f2f,Given a [GAP] instruction turn it into a matrix and extract qubit indices.,tensor,gate,-0.3763551115989685,0.19354838709677416
docgap_a92a55937b89cebd,Sets the timer for IS-[GAP] SPF calculation for IPv4,and,IS Partial,-0.43295562267303467,0.0392156862745098
docgap_03018c6f13bff4b6,Get the list of fields used to [GAP]-segment header.,write a write,write the multi,-0.22429612278938293,0.36231884057971014
docgap_5e0d31d6f73eec8f,Calculate the weight factor of the [GAP] yields its hash key for every configured replica.,node that,given node and,-0.4172504246234894,0.2962962962962963
docgap_662fa4d854557e6c,Add [GAP] to this Personalization.,Substitution,a new Substitution,-0.31000906229019165,0.76
docgap_e9bf484dc059be5b,Load a single object [GAP] a tarball file.,from,from,-0.11323115229606628,1.0
docgap_a85edae07f391b28,Writes the F90 module file from the specified code parser for all the modules [GAP] it.,that are in,inside of,-0.9438419342041016,0.13333333333333333
docgap_e1733f35991f187c,Update the [GAP] with the new data.,data,dictionary,-0.29746052622795105,0.1090909090909091
docgap_f7b6997eafd5a51b,Returns a list of points for [GAP]-wise linear function from the given offer and bid blocks.,a given offer,a piece,-0.5393006205558777,0.13333333333333333
docgap_2db22cf87d0272f6,Delete [GAP] in a specific region,aqueue,a SQS queue,-0.19496320188045502,0.4444444444444444
docgap_9e5ae93866638656,Standardize the input data [GAP] API.,from the,for the indico,-0.4885478913784027,0.2549019607843137
docgap_b1a8a5a0b47f8c16,Get CEE-Map Priority Table [GAP] PG ID,with,map cos2,-0.6217280626296997,0.0
docgap_87b40b8b49290934,Register a test suite in the module [GAP] suite.,test,containing a test,-0.23180824518203735,0.20618556701030927
docgap_7b4e9b26fac34ca0,Checks the messages in filename for BMP characters and translates [GAP] into a list of tuples.,them,them,-0.25853633880615234,1.0
docgap_6f406f24eb00c92a,This method rebins the image by [GAP] factor.,the,a given,-0.7674141526222229,0.06060606060606061
docgap_b5634e2a5668f9a0,Perform a basic permission check [GAP] the given forum and user.,for,on,-0.1750526875257492,0.2222222222222222
docgap_fa66e06d4c09fcc5,Overlays the specified files into the given repository and version into the [GAP] returns None.,given repository and,given directory and,-0.18390679359436035,0.5686274509803921
docgap_ddcc90eef061c5e3,Computes the reconstruction [GAP] column vector.,error of the,error of a binary,-0.4787488877773285,0.5416666666666666
docgap_bc11c930d5614f92,Check [GAP] aeneas. tools. xls or aeneas. tools. youtube can be imported.,xls or,whether,-0.1377924233675003,0.041666666666666664
docgap_442ff383f0915e17,Return command to update the [GAP] state to the current direction and level.,mpsse,MPSSE GPIO,-0.49136605858802795,0.0
docgap_1d788b77f50fda4b,Return the [GAP] cosine of x.,acosh,inverse hyperbolic,-0.45905187726020813,0.07407407407407407
docgap_e5e3918723d56c7d,Get [GAP] have never been written to.,the input variables that,all variables that,-0.6792894601821899,0.6756756756756758
docgap_8abc583d2a42f169,Fetches all the prices for the [GAP] and currency.,date,given date,-0.07567736506462097,0.3636363636363636
docgap_4c4c8fea4afcb836,Starts watching the path and [GAP] test jobs.,returns the,running the,-0.5902098417282104,0.2549019607843137
docgap_1c1f1b9dfab50eb6,Adds a sub editor to the layout at the right but before [GAP] button.,the,the reset,-0.8156904578208923,0.2666666666666667
docgap_b4e8ec33039c4f90,Decode and [GAP] structure to dict and apply optional extra values.,use a meta,load underlying meta,-0.5131471157073975,0.25333333333333335
docgap_dfdee5e772034dd0,Checks if the given settings are valid [GAP] indicating if it is valid.,and returns a validconfig,and returns a boolean,-0.40810149908065796,0.5934959349593497
docgap_67710e1611ef9fc7,This function takes a table and a field [GAP] name and returns a new dataframe with the values of the related key in the main dataframe.,with the given,name and a field,-0.6409971117973328,0.09333333333333332
docgap_34c75b32eefe498c,1. 13 Audit the hardware MFA active for [GAP] account.,the given,the root,-0.7103677988052368,0.2777777777777778
docgap_ba2a2495fb1b3b6f,Initialize the biases of [GAP] 1 and all other gates to 0.,the lstm,the forget gate to,-0.743819534778595,0.1746031746031746
docgap_f339f63323295673,Fit lens [GAP] tracer and sensitivity tracer.,data with sensitivity,data with a normal,-0.23636293411254883,0.4509803921568627
docgap_d8551f0adaf7da1b,Set the Cerberus token based [GAP] auth type,on the,on,-0.15134990215301514,0.25
docgap_c8b76b437e0417c4,Calculates the size of [GAP] payload.,the transaction type,the request,-0.7946755290031433,0.1794871794871795
docgap_c5901af802ef67ad,This [GAP] creates a new withdrawal request for the asset and amount of coins and tokens.,method,function,-0.31924501061439514,0.07407407407407407
docgap_53369cdee8eb50e0,This method is called by the user to check if the user has provided a certain parameter for [GAP] properly.,the args,the method to function,-0.4541400969028473,0.13333333333333333
docgap_6442670bd57e6d22,Returns True if the field [GAP] a storage element.,is,contains,-0.3472789227962494,0.1111111111111111
docgap_8d6f3efdb4d43d87,Checks [GAP] in fit. p.,the roundoff,for roundoff errors,-0.49848708510398865,0.5128205128205128
docgap_07669362ccc55074,A method to [GAP] a trace for the caller s cause.,generate,raise an exception with,-0.5955238342285156,0.10256410256410257
docgap_f7743261c467da12,Returns the group object with the given id or None if [GAP] group exists.,the,no such,-0.3361358940601349,0.06060606060606061
docgap_156edf7f9c4f47bc,Create a new [GAP] a binary stream.,binary stream from,object from,-0.4305433928966522,0.25
docgap_c722009e448a4b3a,This is the main entry point for an XBRLParser. It takes a file_handle and returns [GAP] object.,a XBRLParser,a XBRL,-0.3505572974681854,0.5384615384615384
docgap_a7c212c96599cd16,Pushes a new element node on [GAP] stack,the ctxt,top of the node,-0.554680347442627,0.2037037037037037
docgap_151b80610af65eb8,Print a string on a [GAP] with manual line breaks.,string,console,-0.29320216178894043,0.08333333333333333
docgap_f7b255e9b3d5945c,Return the [GAP] a given app model.,manager for,history manager for,-0.447263240814209,0.6799999999999999
docgap_67d4ffefeea082bb,This function returns the minimum cost subcollection os S [GAP] elements of U in the specified universe.,for the,that covers all,-0.6753512024879456,0.13725490196078433
docgap_472c23d3aea085d6,Entry point for single [GAP] the defined app.,pipeline of,use pipeline setup in,-0.49938836693763733,0.48148148148148157
docgap_9488176a548ee6c3,Returns a list of all [GAP] positive balances,the symbols with,the symbols with,-0.47267627716064453,1.0
docgap_8184307579255748,Initialize the Rollbar module with the given access [GAP] environment.,token,token and,-0.3525797724723816,0.5555555555555556
docgap_1e09b73facee146b,Add element_by alias and extension methods ([GAP] or_none.,Klass),if_exists or,-0.39517053961753845,0.05128205128205128
docgap_816e7b9e13ed5ea8,This function saves the port if [GAP] stored.,remote is,different from,-0.47506183385849,0.16666666666666669
docgap_f5c9e987cce4baf0,Predict the target of [GAP] final estimator.,the,the target with the,-0.411862313747406,0.1142857142857143
docgap_d87baef6bfbca034,Sums the string [GAP] object in a single flask,of the,of a single,-0.44101428985595703,0.19444444444444448
docgap_493fe8d53d16ed20,Given a resource_url figure [GAP] resolve into,", the destination type can",out what it would,-0.7197063565254211,0.10526315789473682
docgap_5ccfcb8f7519f482,Reassign pixmap [GAP] array to wrapper,to the,or xpm string,-0.7866553068161011,0.07142857142857142
docgap_8c19a7bd91c0678b,Places objects randomly until no collisions or [GAP] hit.,objects are,max iterations,-0.35487034916877747,0.11666666666666668
docgap_73cde40ce25af5f6,Convert milliseconds since [GAP] UTC to datetime.,the,epoch,-0.5140432715415955,0.19047619047619044
docgap_02f7e4a24e32a86f,Get complete stream info from [GAP] via describe_stream,a symbol,AWS,-1.3623669147491455,0.0
docgap_f9e9160726a1b09b,Returns [GAP] given path.,the checksum for the,the checksum of the,-0.39086031913757324,0.7352941176470589
docgap_bdbd9f0cc269b96b,Send a script [GAP] device at highspeed.,to the,to a,-0.23273734748363495,0.3870967741935483
docgap_fb81a58abdc49d8c,Calculate the accuracy score [GAP] node.,of the,of a,-0.5124677419662476,0.3870967741935483
docgap_fb76c06fe2702d04,Returns [GAP] address of the given interface name e. g. eth0,the address by,the IP,-0.3711909353733063,0.22222222222222224
docgap_9c635751d1a03797,r [GAP] GPUs are on the same board.,vml,Check if two,-0.4845088720321655,0.0
docgap_95df21fa09d5bf1e,Changes [GAP] for the current user.,the Status,the online status,-0.47862178087234497,0.3787878787878788
docgap_5669c0c3cf4c442d,Gather information about lvolumes [GAP] their label size and raw path,and return,gathering,-0.538964033126831,0.11904761904761904
docgap_916cc45aadf348d9,Display a message and then return true if the user responds [GAP] affirmations.,to,with one of the,-0.23840871453285217,0.05128205128205129
docgap_504fd10d2af577e2,Replace out-of-[GAP] with UNK.,vocab,vocab words,-0.6548649668693542,0.45454545454545453
docgap_1ded9845e106324f,Create a sequence of lookups with vars taking [GAP] over the section which takes priority over the DEFAULTSECT.,priority,priority,-0.020676264539361,1.0
docgap_b442348c8342647c,Return a new [GAP] crossing self and other.,class,individual,-0.42424750328063965,0.06666666666666667
docgap_6187c4ec690bed91,Create an error from a JSON-deserialized object [GAP] error.,and return the,holding the serialized,-0.5226044654846191,0.17204301075268819
docgap_852713a8c6fcbb1f,Get the most generic [GAP] iterable column.,type of the,data type for,-0.7630860805511475,0.3508771929824562
docgap_6f1f5db537cf3770,Function returns the [GAP] R matrix on step k.,k,inverse square root of,-1.0925486087799072,0.0
docgap_e4a5603688d67946,Returns an iterator which [GAP] instance.,is a task,returns one _NuMapTask,-0.8743329644203186,0.15384615384615385
docgap_fa71e89478f46214,Get [GAP] for some work spec.,a status,a summary dictionary,-0.35562530159950256,0.13043478260869562
docgap_76f11aae22db6ad6,Generate XML object model [GAP] file or text.,for a,from XML,-0.5457970499992371,0.16666666666666666
docgap_d2f9b31ace8f897d,Read an object [GAP] Ansible Tower API.,from the,from the,-0.34166690707206726,1.0
docgap_d9dcc58d289e3412,Make an [GAP] return the cache entry,image and,image and,-0.18116357922554016,1.0
docgap_eaebd8543422af80,Make sure that [GAP] array have good type and size.,the correct,all items in,-0.269335001707077,0.05555555555555555
docgap_4b7e962b4bc25b6a,Return a list of updates [GAP] collection.,to the,in the,-0.3109567165374756,0.47619047619047616
docgap_eb12d3cd52bfdc9f,Utility method to extract the base item type from a [GAP] item type.,given,collection,-0.6179512739181519,0.1
docgap_ffecd5099ede6866,parse_timespan-Convert a [GAP] to seconds.,timespan,string timespan definition,-0.3375783860683441,0.3793103448275862
docgap_3a40dd700da40175,Create [GAP] from a dictionary.,a dictionary,a new object,-0.35827362537384033,0.14035087719298245
docgap_2ef31eb3b77fb86c,Collect the common metrics from [GAP] diffed reports and download them to the diff report resources directory,the,both the,-0.2504497170448303,0.3076923076923077
docgap_016e8c1ce0b90214,Graphs a [GAP] and embeds it in a Jupyter notebook.,nb,line plot,-0.5432162880897522,0.047619047619047616
docgap_3425082a6fc2641b,A safe [GAP] potentially upcasts the result array.,example of aputmask that,version of putmask that,-0.6412292122840881,0.5396825396825398
docgap_139f306217a31257,Get [GAP] given idcode.,a descriptive scriptor for the,the descriptor for a,-0.3938916325569153,0.6592592592592593
docgap_b445768491e04e3e,Parse an HTML tag at [GAP] the wikicode string.,the end of,the head of,-0.21677283942699432,0.43749999999999994
docgap_f0c0a45760f38735,Merge outputs [GAP] sub-workflow.,from a,for a,-0.4603365957736969,0.3333333333333333
docgap_4b87b18186eb4dfc,Get a list of the indices for [GAP] joint.,a,a specific,-0.3322727084159851,0.04347826086956522
docgap_787712a69b619b56,Returns a generator [GAP] secrets and their versions,of all,that yields all the,-0.11313796043395996,0.16666666666666666
docgap_9cb16c60b130d131,Parse the ouput resulted of a [GAP]. Or a saddle point.,point,geometry optimization,-0.3292912244796753,0.07936507936507936
docgap_6878bc499f939bf1,Train [GAP] model that contains frequent itemsets.,a,an FP-Growth,-0.24004140496253967,0.034482758620689655
docgap_b75a8152663ec1ed,Filter [GAP] mechanisms to include those that succeed with the provided properties and are secure enough.,the list of,a list of,-0.5096442699432373,0.7333333333333334
docgap_44e9bb81ab7e3a34,Set policy_name [GAP] monitor hidden SFP policy,to threshold,of threshold,-0.15548720955848694,0.8070175438596491
docgap_88ad971dcf016114,This method will index a [GAP] Solr.,local index from,file into,-0.39100250601768494,0.16666666666666666
docgap_fc58bfc1f3122d86,Any steps [GAP] need to be taken after running the action.,that,that,-0.05155036598443985,1.0
docgap_90a733a34b077e20,Prepares a [GAP] by executing the delete monarchy method.,delete monarchy,given node for deletion,-0.4156968891620636,0.22222222222222224
docgap_b5848aef99deca9b,Stop the event loop created when [GAP] is called.,the event loop,subscribe,-0.40960273146629333,0.018518518518518517
docgap_f27b29b7c1734896,Returns the [GAP] metabolite.,coefficient,stoichiometric coefficient of a,-0.4943642020225525,0.45945945945945943
docgap_c922a2a1bdc5dbaf,Send a keyboard event to [GAP] the related objects.,all,all,-0.37934115529060364,1.0
docgap_504cc12d4468a4b4,Update the log of the [GAP] sequence.,v2,receiver link,-0.8451018333435059,0.030303030303030304
docgap_61e0cb10e3ea0bf9,Return the current number of kernels that have been loaded by [GAP] interface.,the given,the KEEPER,-0.5617223978042603,0.23809523809523808
docgap_e75267d9ce20f640,Decorate a view [GAP]-based access controls.,with func,function to require permission,-0.7686122059822083,0.12745098039215685
docgap_84b24d63469c4c39,r Returns the shape of an L1 norm weight array W as defined by the input array W and the [GAP] convolutional representation dimensions cri.,input,given,-0.7498724460601807,0.13333333333333333
docgap_22d8636439bb6651,Returns the size [GAP] cell + indexes,of the,of the array,-0.24504022300243378,0.5384615384615384
docgap_c426a02a4b00d9c8,Yields all tokens [GAP] first_token through and including last_token.,from,in order from,-0.5730437636375427,0.27397260273972607
docgap_c63b1df858371388,Stream the [GAP] a request.,data from,response body of,-0.7293073534965515,0.08333333333333333
docgap_c7bcbcda512c9834,Updates the [GAP] in Server Density.,device,device information,-0.8005340695381165,0.3684210526315789
docgap_03225947d1f9a7b1,Start a child process and return [GAP] url.,a new,the zmp,-0.6507181525230408,0.09523809523809523
docgap_644f9e56edd2d629,Create a [GAP] or update an existing application version in SAR.,new application,new application,-0.4010531008243561,1.0
docgap_51dbb0a9b668791c,Copies the [GAP] the current clipboard.,filepath for,current filepath contents to,-0.5359726548194885,0.4
docgap_d28a65e208c7c267,Display a message with choices of [GAP] and Cancel.,a dict,OK,-0.9454929232597351,0.0
docgap_483d54e8d2b0536d,Converts data to the appropriate type using [GAP]. unpack method.,the construct,struct,-0.4809496998786926,0.5
docgap_db5ba67828592da0,Parse [GAP] a list of dict.,a sentence into,the sentence into,-0.3727406859397888,0.851851851851852
docgap_6ddf4d1eb7ef1262,Add a [GAP] to Generic object.,Provider,custom provider,-0.18379093706607819,0.5
docgap_8858f27b78756cda,Ensure the VPC with passed [GAP] absent.,is,properties is,-0.6664196848869324,0.0909090909090909
docgap_caca07e0bbab0637,This function calculates the delta velocity to [GAP] an encounter with a Plummer-softened stream in the impulse approximation.,a python if,due,-1.0813546180725098,0.0
docgap_8330cc0b70ab8c4c,Load configuration [GAP] from the specified source.,s,values,-0.4283071458339691,0.0909090909090909
docgap_0ac3f9f119435097,Get the size of [GAP] in the proper zone,the container,the resource,-0.5158824920654297,0.23333333333333334
docgap_6f42cfec07ed3fd1,Generate [GAP] context for the resource we are interested in,a proxy,an instance,-0.298485666513443,0.05128205128205129
docgap_4cbd9e9cba80be61,Matrix-rank-1 product [GAP] triangular matrix.,with a,for real,-0.3531934916973114,0.07407407407407407
docgap_364be18bc91e9f7d,Filter out [GAP] barcodes not in the whitelist with optional cell barcode error correction,cell,cell,-0.145446315407753,1.0
docgap_1c439bf77e53af27,Removes the child [GAP] the specified position.,from,at,-0.10867545008659363,0.0
docgap_42a79e16a86574c2,This example demonstrates how to [GAP] an analytic sequence.,main(),generate pretty equations from,-0.9153194427490234,0.043010752688172046
docgap_2c7f87836dd48742,Get the current draft version [GAP] layer.,of the,of a,-0.2672305405139923,0.3870967741935483
docgap_2d03db809aa57793,Returns a set of all module-[GAP] in the Python standard library.,lists,names,-0.48719391226768494,0.06666666666666667
docgap_1d1e75249935df0f,Receives and processes messages for flows stored [GAP] relational db.,in a,in the,-0.3158334791660309,0.3870967741935483
docgap_f6600e1ca2797f16,Eliminate dead [GAP] bodies.,and dead,code from except handler,-0.9561144113540649,0.1234567901234568
docgap_31e86470dc1b04ef,This function will take a finite time-series [GAP] or flux time-series and an external parameter list and apply the sigma-clipping to those values.,with a sigclip,and a magnitude,-0.5518872737884521,0.13888888888888887
docgap_eba7d31cdc69cf0b,Returns a closure that pushed the given value onto a [GAP] s stack.,value,Machine,-0.6701435446739197,0.09523809523809523
docgap_960bce8843383232,Return a new class: ` PseudoTable ` with pseudos in [GAP] rows.,the,the given,-0.7080511450767517,0.2666666666666667
docgap_f51825c1a924e190,Returns [GAP] all of the required scope sets in the list of assumed scopes are satisfied.,if,True if,-0.14248012006282806,0.19999999999999998
docgap_e78f916c50b64ada,Removes a [GAP] directory and all empty intermediate ones.,directory from a target,leaf fake,-0.4194439649581909,0.08641975308641975
docgap_64a0b87628a855f3,Inherit docstring [GAP] class and method.,from the,from parent,-0.9073818325996399,0.40476190476190477
docgap_1039651130d9f075,Adds a point to the current node or iteratively descends to one of its children. Returns the new [GAP] or iteratively.,point,node,-0.17411640286445618,0.16
docgap_115ff9a4ed8e10d9,Pulls [GAP] them uniquely for this build.,the config and runs,parent images and retag,-0.9257442951202393,0.2522522522522523
docgap_0aa5f2e1b914f288,Ensures that every adjacent frequency band pair in [GAP] frequency bands meets the required overlap ratio.,the adjacent,the set of,-0.3974083662033081,0.23529411764705882
docgap_3511c1f4beabd92d,Construct a certificate signing [GAP] certificate authority.,request from a,request for the specified,-0.3784531056880951,0.411764705882353
docgap_9c60be23a83ef22c,Get a filename from given name without [GAP] or incompatible characters.,a list of incompatible,dangerous,-0.8854221105575562,0.0641025641025641
docgap_d1fd26eed7dba657,Add a [GAP] the parent node,child to,new child node to,-0.5189575552940369,0.43333333333333335
docgap_26fc30fc986e44cf,Ensures that the given context is [GAP] context.,a Python,a pycairo,-0.5795058012008667,0.1388888888888889
docgap_ff2ef02733bc3082,Delete [GAP] the Cloud BigQuery server.,model from,a model from,-0.32030779123306274,0.8823529411764706
docgap_870d6a9c71fdcd6e,Decodes and returns [GAP] region.,a,the value in a,-0.5496741533279419,0.02857142857142857
docgap_44dfb222a118649e,Return [GAP] of n master instances in different nodes.,a list,a list,-0.26869210600852966,1.0
docgap_b612c4afff4732a6,Prepare [GAP] shard of the model for the decoder.,a,one,-0.2494761049747467,0.0
docgap_d07b18e74cfc168e,Sends new timing information. delta [GAP] milliseconds. rate is in milliseconds. tags is a dict of tags to add to the timing.,rate is in,is in,-0.23169194161891937,0.5
docgap_51c7767d75b13897,Decorator that ensures multiprocessing logging uses ZeroMQ queues. [GAP] function that does not work with local logging.,This is a,This is a wrapper,-0.6437581777572632,0.6190476190476191
docgap_bda2aafd4cfe48e9,Remove documents [GAP] mapping_type from the index.,of a,of a specified,-0.5648585557937622,0.25316455696202533
docgap_22afb7c69705db27,Write [GAP] content to the database.,the remaining,the remaining,-0.5520580410957336,1.0
docgap_f69e29062937efa8,Continuously yield new files with [GAP] in filename.,a path,steps,-0.6040090322494507,0.1111111111111111
docgap_67494baf507eb324,Run the CSS expression on this element and its children and return a list [GAP] results.,of,of the,-0.1642143875360489,0.25
docgap_50cb97baa52cdb65,Print the list of all [GAP] extensions that can be parsed by this parser registry.,the,file,-0.6205106973648071,0.125
docgap_1b78b798e65ac460,Registers a handler for a given URI with Responses so that it can be [GAP] to Stack-In-A-Box.,used,intercepted and handed,-0.4631726145744324,0.047244094488188976
docgap_3a0bfd411a785900,Parses [GAP] in the UBCPI XBlock s content XML.,a question,the question XML element,-0.376369446516037,0.44827586206896547
docgap_3f36e5255d8dfe75,Find TEI XML dir of TEI text for the First 1 [GAP] Greek corpus.,kg,k Years of,-0.5227464437484741,0.04166666666666667
docgap_47e64b8bd4cf48b4,Handle a single message [GAP] the server.,to,from,-0.25083738565444946,0.15384615384615383
docgap_2b2450e245bb094c,Context manager for deferring writes of [GAP] a context.,a write to,a given bucket within,-0.6939015984535217,0.14102564102564102
docgap_f7f14abd3a6bab74,Show [GAP] a monitored twitter handle.,a channel with,the details of,-0.5221328139305115,0.13043478260869565
docgap_859caf2d23b42b53,This method returns the next arm in the order [GAP] make next.,to,that they should,-0.2754836082458496,0.047619047619047616
docgap_6dd700a804c4bacc,Define the constrained portion of the consumption function [GAP] self. mLvlMinNow.,of the,as cFuncNowCnst and,-0.5739097595214844,0.05
docgap_5e52e185fe8bda9d,Consume a [GAP] and send action in return,result,check return,-0.618523359298706,0.1282051282051282
docgap_7a71e66465f85be7,Writes the data encoding the GetAttributeList request [GAP] to the output_buffer.,and returns,payload,-0.8984580039978027,0.05128205128205129
docgap_04c2ae56289e38d4,Start the instance [GAP] instance names.,name with the,with the given,-0.4053051769733429,0.5606060606060606
docgap_739b0f8578423e02,Obtain a new [GAP] logging into MAAS.,response by,API key by,-0.3608795702457428,0.14583333333333334
docgap_fea74cb6c7dfae2c,Searches the stack for the return target and [GAP] if exists.,returns,returns the index,-0.3707796633243561,0.4736842105263158
docgap_fd1c510d1b081349,Picks out the probabilities of the actions along [GAP]-steps.,the np,batch and time,-0.7289167642593384,0.11111111111111112
docgap_7832b266fa9e455e,Returns [GAP] given index if such a node currently exists in the node list or None otherwise.,a,the node with the,-0.2981559932231903,0.0
docgap_3b279e66963cd8a0,Sets the affinity capability [GAP] neighbor.,of the,for the neighbor,-0.30014151334762573,0.23529411764705882
docgap_8c65daf329adad05,Use an endpoint and [GAP] additional keyword arguments rather than one.,return,any,-0.16322150826454163,0.07407407407407407
docgap_d4d5aee4b8da305a,report the total progress for the current stack optionally [GAP] completed.,if the stack is,given the local fraction,-0.6604174971580505,0.22549019607843138
docgap_64c6a094f8a08789,Rename tables [GAP] source to destination name.,from,from,-0.08310002088546753,1.0
docgap_0b8f1655a3513349,Retrieves and [GAP] the required paths needed to run sphinx.,creates,creates,-0.23848135769367218,1.0
docgap_4e1d8cb0e1e20c29,Patches built-[GAP] logging if necessary.,in,in Python,-0.2297687530517578,0.14285714285714288
docgap_80852e1701c8f9ad,method finds a single [GAP] base on the given primary key and returns it to the caller,key,record,-0.5625172257423401,0.07407407407407407
docgap_27657cda56da9d5a,Save this data port into an xml. [GAP] object.,doc,dom. Element,-0.49226635694503784,0.09523809523809525
docgap_0996101f0951e10a,call callback [GAP] data forever (until \ C-c is reached,to,for all,-1.0165997743606567,0.06666666666666667
docgap_c7951b4c7666e7e7,Decorator that checks if the object of the function has [GAP] sel_axis members.,a list of,axis and,-0.5168589353561401,0.1388888888888889
docgap_21d25bc4fc85226b,Creates a VTK actor [GAP] triangulated surface plots.,with,for rendering,-0.44710126519203186,0.0273972602739726
docgap_eadb7877aebb5bf7,"Return cookies as a string of "" \ \ n ""-separated [GAP] headers.",with,Set-Cookie3,-0.9583473205566406,0.06557377049180327
docgap_b79172281e4a337e,Returns whether the field is [GAP] in a given mode,a Visible field,visible,-0.666349470615387,0.4117647058823529
docgap_b5adfd0a4a198183,Compile a template [GAP] the given data.,for,file with,-0.23098501563072205,0.044444444444444446
docgap_5a596e76ab339300,Sets the value of three-tuple-if mapped from YANG [GAP] one.,to YANG to,variable to a private,-0.40842217206954956,0.1282051282051282
docgap_73b86e6da7799550,Returns a deep copy of an [GAP] crossed referenced lists or dicts,original obj with,object with no,-0.2341655045747757,0.3076923076923077
docgap_5ebc2abdebc33f12,parse_frames-parse [GAP] yield a list of tuples each containing the n-th element of the list.,to,a file and,-0.3584039807319641,0.0
docgap_a8fce177a86f2e97,Calculates the Singular Value Decomposition of the input data [GAP] function.,from the,using SciPy s svd,-0.6820159554481506,0.016666666666666666
docgap_7eb6e0a87479c6ff,Returns the state of [GAP] working copy,the git,the git,-0.4365445077419281,1.0
docgap_376444a350aef403,Get [GAP] CloudFront distribution with a given name.,a,information about a,-0.24079151451587677,0.02
docgap_68cff8d09151bfbb,Return the [GAP] in the hierarchy.,number of nodes,number of nodes,-0.40717729926109314,1.0
docgap_2abd7be6e2c43c52,Forecast the given [GAP] time Series using the given forecasting function.,forecast,decomposition of observed,-0.5766109824180603,0.09523809523809525
docgap_508094459aae9592,r Returns the phase of [GAP] Fast Fourier Transform of a waveform.,a,the inverse,-0.13524287939071655,0.0
docgap_a9cbb4a09d6e901f,Retrieve a list of CA certificates at either [GAP] TXAWS_CERTS_PATH environment variable.,a,the TXAWS_CERTS_PATH or the,-0.8228977918624878,0.0
docgap_686c53bf8650727d,Adds command line arguments to [GAP] group.,the argument,an argument,-0.38298916816711426,0.7222222222222222
docgap_f977c9aca9d3f63c,Writes the specified [GAP] to the console stdout.,message,message,-0.04882299154996872,1.0
docgap_05030d4e42ccf86f,Set a value at the [GAP] OrderedDict,end of the,front of an,-0.5486632585525513,0.25
docgap_59eee02a7d29d9dd,returns a [GAP] of credentials for bucket and admin,list,dictionary,-0.07067260146141052,0.07272727272727272
docgap_f4d4b1e32fec013f,% prog install [GAP]. bed backbone. fasta alt. fasta,args,patchers,-0.5290122628211975,0.13953488372093023
docgap_8522171a7d95ffdf,Check [GAP] for crypto done and finalize the final transfer.,the crypto,queue,-0.8787015676498413,0.03333333333333333
docgap_5eb87cdc54a7b346,Parses the [GAP] returns a dictionary with the flags placed in the appropriate entry in the appropriate entry.,flags and,set of flags and,-0.32189300656318665,0.65
docgap_298d9915b2690345,Split a string into a [GAP] of lists.,list,list,-0.1755305528640747,1.0
docgap_a5643b4f00e4e852,Reload the [GAP] from saved schedule file.,schedule file,schedule,-0.19354206323623657,0.6875000000000001
docgap_f048668c9bf3d2a5,Create a [GAP] BSP instance with the given rectangle.,new,new,-0.040741823613643646,1.0
docgap_39105d3e2c3d0968,Checks if a [GAP] stream_id and tuple matches with the output schema.,tuple,given,-0.7053403258323669,0.06666666666666667
docgap_53ae8e9fa0af8d98,Initiate a connection [GAP] device.,to the,to a specific,-0.45228949189186096,0.16666666666666666
docgap_c9b8501a28166be7,Sends a [GAP] specified context.,notification to the,new notification to the,-0.45233678817749023,0.8918918918918919
docgap_ce74a1b9f9e2730b,Validates [GAP] a regular project-based workflow.,a JSON for,the JSON spec for,-0.34195664525032043,0.4545454545454545
docgap_84b1298f8fed4abb,Undo the value compression [GAP] (n),value,performed by x = compress_amount,-0.47049474716186523,0.03125
docgap_4af9d99d27a47bc7,Get switch ip [GAP] transaction.,for the,addresses from baremetal,-0.6692632436752319,0.07692307692307693
docgap_c71ab2e07f6f4920,normalize the [GAP] to make sure needed values are there,flags,flags,-0.11949777603149414,1.0
docgap_3c3652c234bc73fb,Returns the value of the given variable or the given default [GAP] the variable is not defined.,if,value if,-0.08501365035772324,0.16666666666666669
docgap_c861bb8afcf8a154,Create an HDF5 file [GAP] temporary file.,and return a,backed by a,-0.4204842746257782,0.14814814814814814
docgap_c1690541fc971d79,Probes the volume group for [GAP] returns a list of LogicalVolume instances.,the lvscan and,logical volumes and,-0.46312862634658813,0.21428571428571427
docgap_51433cf7781926fe,Get the S and Z matrices using [GAP] parameters.,the matrices,the current,-0.8542202115058899,0.25925925925925924
docgap_ac638b487b43ac73,Log HTTP [GAP] headers etc.,request for stage,information including url,-0.7358591556549072,0.11711711711711711
docgap_c3df4b5712f21a45,Infer an attribute [GAP] using getattr on the associated object,from the context,node by,-0.7494228482246399,0.09259259259259259
docgap_fc9968361f9afb79,This function factorizes [GAP] specific entry in the internal state.,a,the RHS of a,-0.1377430409193039,0.034482758620689655
docgap_b76953042cac558a,Get all keys with a [GAP] during the transaction.,prefix,given prefix of Key,-0.5089167356491089,0.35
docgap_4dc2fedcc8623533,Retrieve manta output variant file [GAP] on analysis.,based,depending,-0.25063779950141907,0.07407407407407407
docgap_8576ec942d6a909f,Utility method that yields all directories on the [GAP] file systems.,list of all,device s,-0.312274307012558,0.07142857142857142
docgap_1072f12c191da52d,set the base or default to [GAP] Docker Hub.,the,use,-0.29110386967658997,0.16666666666666666
docgap_8c2222e453086ce9,r Save traced [GAP] a JSON file.,callsables in,modules information to,-0.604008138179779,0.24444444444444446
docgap_fda9aa3b19305d4d,constructs a dictionary that represents amphidromus relations between objects and a list of [GAP] between objects,amphidromus relations,amphidromus relations,-0.13963350653648376,1.0
docgap_a7c952d4289e713e,Convert an [GAP] base36 string representation.,id to a,integer into its,-0.37297093868255615,0.14814814814814814
docgap_338a7b62e89c5c57,Apply options [GAP] configuration.,to the,component options to this,-0.5170880556106567,0.20512820512820512
docgap_45203fd770ed58cb,Retrieves a stat that was previously [GAP] by the current pipeline run.,accessed,reported,-0.8477827310562134,0.12121212121212122
docgap_616b6fa4ad0b607c,Pad apply 3-[GAP] leaky relu.,D,D convolution and,-0.3686254024505615,0.022727272727272724
docgap_df25c0f223103d1c,Initialize [GAP] object from a json dictionary.,a dict,a IdentifiedLanguages,-0.34639862179756165,0.09090909090909091
docgap_1e3683be592fe4cb,Add the given plugin name to the list of [GAP] netnode plugin names in the current IDB.,the given,registered,-0.2914583086967468,0.14285714285714288
docgap_e1988776f698a947,Return the [GAP] previous unwrittable letter on a given row.,previous,position of the,-0.5164399147033691,0.1111111111111111
docgap_6d35cad5fe114b1a,Visit the If node and [GAP] result.,return the,return the,-0.11218947172164917,1.0
docgap_c884f918556d5ae7,Sets the rule of the based on [GAP] rulenames.,the,the given list of,-0.3832469880580902,0.12903225806451613
docgap_7d0466aaabd1de22,Computes the hitting probability of [GAP] target states.,the,all states to the,-0.4184668958187103,0.12903225806451613
docgap_aee382ae21204289,Returns a [GAP] access a federated server and a portal token security handler.,pssh to,handler to,-0.4791569709777832,0.19444444444444445
docgap_b602c8b7a890b165,Import zone based off [GAP] file.,the zone,a BIND zone,-0.41235214471817017,0.35714285714285715
docgap_b182b24eb2fa474c,This function takes a tuple of input filename and returns a tuple of the size of the file and the size of the file that is used to store the subportion of [GAP] this function.,the input filename for,the BWT independently using,-0.45700228214263916,0.19696969696969696
docgap_46fd1bc222066fa2,Return a function object suitable for the get side of a [GAP] descriptor.,child,list property,-0.5491542816162109,0.05128205128205127
docgap_3be0521c771c08f1,Returns the list of output [GAP] this rule.,files for,files from,-0.5095198154449463,0.6904761904761906
docgap_fe578b78749b02ef,Return the created [GAP] a dict.,obj to,workflow as,-0.3569163978099823,0.08333333333333333
docgap_2b0a3fa0a541988b,Read the version [GAP]. version file that may exist alongside __init__. py.,file,from a,-0.4118271470069885,0.06451612903225806
docgap_15cc17d6b2525688,Function to [GAP] a new configuration segment.,create,create,-0.13716992735862732,1.0
docgap_e3e3aafbbb1e0b3f,Constructs a BlueDispatcher out of [GAP] object.,the blue,the current,-0.649494469165802,0.2857142857142857
docgap_e48f742723ba100f,Downloads the contents [GAP] link to a file.,of a,of a,-0.12559759616851807,1.0
docgap_5929ae3df4e1e430,Same as unpack_from_dict but [GAP] dictionary.,not in a,returns a,-0.6211479306221008,0.1388888888888889
docgap_420aa16c944af098,Processes the API data for a post and adds [GAP] Media objects related to that post.,post,or updates the,-0.43269166350364685,0.10126582278481013
docgap_5cdd20f022c814f7,Writes in an 64-bit [GAP] from the specified memory space and offset.,library,value,-0.15249279141426086,0.09523809523809523
docgap_2aee0e867f384793,Returns a dict with fields detail from a [GAP] model schema,dict to a,marshmallow,-0.7982898950576782,0.04444444444444444
docgap_51a679144b0dc8d5,A worker thread that communicates [GAP] the GUI,to,with,-0.43389278650283813,0.15384615384615383
docgap_c8776db0671d95a8,Destroy this prefix running any [GAP] files inside it.,of the,cleanups and removing any,-0.13635531067848206,0.038461538461538464
docgap_0aaf04723c8d3b9d,Return an iterator of tuples describing the identities [GAP] node.,of the,of the,-0.3056483566761017,1.0
docgap_6b925a6921a3dfb0,Local [GAP] of experts that works well on TPU.,a group,mixture,-1.171054482460022,0.07407407407407407
docgap_32fc9a9f13231860,This function encodes the diagnostic data [GAP] sensor,of the MAVLink,of a,-0.23399469256401062,0.15189873417721517
docgap_7368543db9b39808,Add [GAP] in issue_keys to the epic_id.,issues,the issues,-0.3939141631126404,0.6363636363636364
docgap_dc05470db8eda5d8,Convert a style dictionary to an [GAP] format dict.,num,xlsxwriter,-0.13657346367835999,0.0
docgap_371466e27762fcb4,Notify about an AddChange at a [GAP] and length.,given index,caertain index,-0.356842964887619,0.4833333333333333
docgap_f1f9c43a9c7cfd21,Returns a dictionary of all the [GAP] to include with DataFrame.,fields,fields,-0.046465836465358734,1.0
docgap_92b037cc1774c79f,Parse a human [GAP] into a list of key combinations.,key,readable key sequence,-0.5108901262283325,0.10256410256410257
docgap_d9cc5b07d167ff77,Internal method [GAP] special-casing patches on column data sources.,to create,to handle,-0.7213753461837769,0.20512820512820512
docgap_c8cd007c0b954866,Set [GAP] the x-axis tick labels.,the position of,the position of,-0.44487249851226807,1.0
docgap_d5c7d807bde93944,Create and attach volumes to [GAP] machine.,the,a virtual,-0.6217150688171387,0.044444444444444446
docgap_7034717e7fa95bb0,Used [GAP] asyncio. Protocol of incoming data.,to retrieve data from,to signal,-0.8640519380569458,0.10666666666666667
docgap_7cc64383be37e47b,Returns [GAP] trade datetime for the given asset and dt.,the last,the last,-0.24163250625133514,1.0
docgap_8b10670320859665,Return a list of row col tuples that need [GAP] highlighted.,to be,to be,-0.02556067332625389,1.0
docgap_03c278615fc5300d,Scroll the object which has * [GAP] beginning horizontally.,args*,selectors * attributes to,-0.6102502942085266,0.05333333333333334
docgap_f58ea16dddb563aa,Processes a request_token [GAP] the request token on success.,and returns,request and returns,-0.25957372784614563,0.6799999999999999
docgap_947c87229c0ed7fd,Given a GTIN or SSCC [GAP] check digit.,", calculate the",return its appropriate,-0.6699330806732178,0.125
docgap_6f93651453b5cc5b,r Estimates the multivariate ESS [GAP] a set of samples.,sigma of,sigma matrix for,-0.43906456232070923,0.4035087719298246
docgap_f657f32dc6b3a1a1,Get alphabet and label names [GAP] dirs.,from,union across all,-0.38880932331085205,0.06593406593406594
docgap_6c17ad931f52ce9a,Parse an address and return [GAP] object,a ddress,an Address,-0.7323485016822815,0.5897435897435898
docgap_dffb00cd6b520ac6,Creates a random tuple [GAP] tree_depth,for a,of size and,-0.5939310789108276,0.1515151515151515
docgap_4357f1a9cd15acef,Return the set of [GAP] that are referenced but not defined.,entries,tokens,-0.12781667709350586,0.20833333333333334
docgap_cc1c48a370ae426d,Creates or updates a specific point shape. The arguments allows for [GAP] a specific point by shape part point of any shape type. The arguments allows for updating a specific point by shape part point of any shape type.,updating,updating,-0.0013212510384619236,1.0
docgap_2e7bc172d12fa16d,Return a dict [GAP] between two dicts.,based on a field,with fields that differ,-0.7930907011032104,0.2647058823529412
docgap_65a69c2a59b0c931,Initialize what requires credentials [GAP] secret files.,to create,and,-0.7125357985496521,0.044444444444444446
docgap_8b11bb15b174d506,Make sure every vCard in [GAP] unique filename.,the vcard file has a,the dictionary has a,-0.5392767190933228,0.3523809523809524
docgap_d2a38ecb60acb21f,Loads lat-lon [GAP] a netCDF file.,coordinates into,coordinates from,-0.5785024762153625,0.7160493827160493
docgap_35b7b90baf823699,transliterate a string into a random [GAP] the current language,mode of,base64-encoded version of,-0.2862928807735443,0.14814814814814814
docgap_0e8d4799cfd929cf,Load [GAP] Plex XML response.,data from the,the attributes from the,-0.6832109093666077,0.4516129032258065
docgap_98533c58188b0c90,Add an index [GAP] with the specified field and value pair for indexing.,object,to the object,-0.4529872238636017,0.5
docgap_060b3c7ba55469bc,Checks if the parent destination [GAP] for node.,is,is valid,-0.4102711081504822,0.16666666666666669
docgap_c8c47ab5404a2151,Sets the color [GAP] edit to the inputed colorSet.,set to,set for this,-0.4484407305717468,0.3333333333333333
docgap_bb57105eb6bf9597,check if the [GAP] something,module is,configuration files actually specify,-0.4454224705696106,0.06666666666666668
docgap_57cf3e4ba660a9ff,r This function is used to partition the void space into pore regions using [GAP] watershed algorithm.,a,a marker-based,-0.239425927400589,0.02857142857142857
docgap_0d62a444a5f250c1,Create an instance of class [GAP] folder according to ResourceModelName of a resource,in a resource,named * ResourceModel from models,-0.376200407743454,0.2601626016260163
docgap_51d7e1c5d5dd1b34,Return OrderedDict of all [GAP] are not None,rows that,the keys that,-0.22657489776611328,0.41176470588235287
docgap_3bf82cfdadba5829,Returns list of phone [GAP] punctuation.,text for,numbers without,-0.8053487539291382,0.1111111111111111
docgap_5ff0e12b1d5eb155,Retrieve the resources in a collection possibly filtered by a series of values to use in [GAP] search.,a,a where clause,-0.2957807183265686,0.02857142857142857
docgap_879a91c04bed9468,Checks that the input [GAP] valid.,array is,array is,-0.3085078001022339,1.0
docgap_979034ceebd06919,Restores TransientFile object with given name. Should be used when form is [GAP] and no file,a file,submitted with file name,-0.7606773972511292,0.21333333333333335
docgap_7d7d0d8e11804da5,Returns the indentation level [GAP] specified line.,of the,of the,-0.15551042556762695,1.0
docgap_8fe0c33019a5406d,Determine if loss has [GAP] should stop.,been a problem and,runaway and we,-0.8958269357681274,0.18518518518518517
docgap_9e42f03510f5c9f5,Returns the ID of the [GAP] for a given location.,FeatureID,feature that is available,-0.3640086352825165,0.24137931034482757
docgap_57f1bdfb3b79efa4,Convert reduced deflection [GAP] to physical deflection angle,angle,angle,-0.057850487530231476,1.0
docgap_7904dfa6c69a88d1,This function is called by the sensorpod module when it [GAP] ready to be monitored by the user.,is,is,-0.034155406057834625,1.0
docgap_ea8529f1d2a777ac,Yields each tuple for all columns in an object that [GAP] missing,is,are not,-0.11303289234638214,0.0
docgap_fa704030539738e8,This function [GAP] Galactocentric coordinates to XYZ coordinates.,enables the,transforms rectangular,-1.2746431827545166,0.09523809523809525
docgap_822fb2115ec17974,Returns [GAP] resource file exists otherwise False.,if the,True if the,-0.25809118151664734,0.5833333333333334
docgap_d50c87f76daedd58,Used to change lines [GAP] SVG file.,in a,in an,-0.2698851227760315,0.8
docgap_d748625d3cc16a48,Removes [GAP] the corresponding value.,the pop value from,specified key and return,-0.6579093933105469,0.09909909909909911
docgap_e1494da9a50819bb,Equivalent to [GAP] method.,the current,the python dict update,-0.5265628099441528,0.17857142857142858
docgap_efb6dd58991860df,Add a condor command to the submit file that allows variable (macro) [GAP] to the executable.,to be converted,arguments to be passed,-0.5409235954284668,0.2916666666666667
docgap_0dcdcdf1cdebf4e8,Update or [GAP] keys from a query string in a URL,remove the,remove,-0.6073549389839172,0.6363636363636364
docgap_3124ba926faf610e,Returns [GAP] of the spin of the secondary mass.,the conversion,the x-component,-0.2651529014110565,0.24999999999999994
docgap_d04a83d96b7f6948,Evaluates and accumulates [GAP] of the last forward computation.,the value,evaluation metric on outputs,-0.4231305718421936,0.14583333333333331
docgap_0867682203bfd885,Fetch data with func return [GAP] by ID,func,dict indexed,-0.478397935628891,0.05970149253731343
docgap_8528cbf1d055d9d6,Compute [GAP]-frequency evolution of an inspiral signal in the time-frequency plane.,the time,the time,-0.12664301693439484,1.0
docgap_94ee75187a7f739e,Collect python files from the [GAP] example directories.,list of,gallery,-0.4680698812007904,0.037037037037037035
docgap_7bd06955acabfc75,Split the source string into lines [GAP] to be extracted.,that are,that are needed,-0.5875902771949768,0.6111111111111112
docgap_da14b0bccd5ff10a,Executes the [GAP] issue reports.,corresponding,configured suite of,-1.0696570873260498,0.16049382716049382
docgap_a890cede59de0569,Reassigns one or [GAP] label numbers to a new label number.,more,more,-0.14991657435894012,1.0
docgap_8143844c545dd6aa,Does this [GAP] match a sequence of nodes?,function,pattern exactly,-0.47623172402381897,0.07407407407407408
docgap_4e30f6723e2f7685,Create a new Storable object with a kwarg-[GAP] exposes.,storable object that,style init and,-0.34736210107803345,0.14942528735632185
docgap_915c2fa409562e68,Bridge [GAP] a worker under multiprocessing.,a worker class to,function to run,-0.5134222507476807,0.12345679012345678
docgap_03a57f49769692b8,Join relative URLs to base URL like urllib. [GAP]. urljoin but support arbitrary URIs.,url,parse,-0.5751875638961792,0.09523809523809522
docgap_5fbfb5c4f54732b6,Make [GAP] and return html path to image,thumbnail,thumbnail,-0.2520827054977417,1.0
docgap_087b56c27c71c0f3,Check the missing [GAP] from the workitem copied workitem,Paraams,parameters for rendering directly,-0.2857193052768707,0.0857142857142857
docgap_0c925e2581cd14f6,Parse a resource file containing a [GAP] dicts,string of,list of,-0.44422465562820435,0.30303030303030304
docgap_fed81ebb8ee0f5e1,A decorator that ensures that an entityID passed as the entity is passed [GAP] the entity.,as,as,-0.2693946063518524,1.0
docgap_f60151036584555c,Return all the [GAP] for a given user.,packages,available packages,-0.13452468812465668,0.5238095238095238
docgap_fc5b148788c8bb7c,returns a [GAP] parameters that constrain this parameter,list of,list of,-0.06295910477638245,1.0
docgap_34367d7da469dc0c,Load config from YAML config_file and [GAP] or override it with the given additional_args.,dict,extend,-0.5810738801956177,0.12903225806451613
docgap_78f722177c28cf68,Gets version of this code [GAP] commits,from the,based on,-0.6724503636360168,0.09090909090909091
docgap_e634c4c48bbdb90c,Callback executed [GAP] received from the server.,on data,when a message is,-0.47152605652809143,0.08771929824561403
docgap_a97b20268fe2d7b5,Run all field validators [GAP] of errors.,to a list,and return a dict,-0.6130146384239197,0.14285714285714288
docgap_48dfae533aef59a2,Parse. xml file [GAP] object.,from a file,and create a XmlParser,-0.5943174958229065,0.11904761904761905
docgap_6b312b9d3b37c3a0,Get the [GAP] the physical server.,array supported by,RAID support on,-0.6903793215751648,0.40476190476190477
docgap_d946380aff2e1901,This function calculates the delta [GAP] encounter with a Hernquist sphere in the impulse approximation.,of an,velocity to due an,-0.48879989981651306,0.12962962962962962
docgap_fac424393b629d86,Convert a spherical harmonic degree [GAP] instance.,to a spherical harmonic,to a new class,-0.5078690648078918,0.22916666666666669
docgap_c8a848c4b62a0101,Returns [GAP] keys in the cache.,the default,a set of,-0.6485616564750671,0.11904761904761904
docgap_a8ddcba41405bc55,Called just [GAP] this node has been visited.,if,after,-0.4131820797920227,0.1111111111111111
docgap_458c36f6f3a19b1a,Decorator that returns [GAP] that will parse the arguments of the view class with the given argmap.,a decorator,a function,-0.5344842672348022,0.125
docgap_d2d3c3e796638a6c,Returns the string [GAP] at the given index,blockname,name of the block,-0.4904605746269226,0.3968253968253968
docgap_b98403ed85c19103,Builds a flat message [GAP] message dictionary.,dictionary for a,from a,-0.41267475485801697,0.11764705882352941
docgap_56900b2d78fd4f99,function takes a str object containing the name of an existing performance task and issues a RESTFUL [GAP] IMC REST service to get the performance task information.,task to the,call to the,-0.6362383365631104,0.5490196078431373
docgap_0534e3c4c7a9e4eb,get nested dict as dict where key is tuple or delimited string [GAP] keys,of,of all-1 nested,-0.31684523820877075,0.07692307692307693
docgap_e1e6ead4144b4765,Extract slices [GAP] image as equal-sized blobs of column-format data.,of the,of an,-0.38242581486701965,0.3333333333333333
docgap_bde5f6068f390b0b,Returns the collection [GAP] serialized object.,list of a,of items as a,-0.30664628744125366,0.23529411764705882
docgap_e3adc959878781a4,Make a [GAP] string based on configuration parameters.,prefix,prefix,-0.259624719619751,1.0
docgap_47fb16f78ed8d6c9,Returns the [GAP] specified pathname.,comment group for the,comment group for a,-0.33499544858932495,0.8857142857142858
docgap_fa9dcc72f83ca600,Constructs the spec for predefined fields that are to [GAP] master spec prior to schema load,be built into the,be included in the,-0.6917824745178223,0.27777777777777773
docgap_5767de36c581513b,Read the exposure and the riskmodel and update the attributes of [GAP] the relevant attributes.,the exposure and,the object with,-0.482901006937027,0.16666666666666669
docgap_6fa81851945014bb,Gets the Bank Ids [GAP] AssessmentPart.,by,mapped to an,-0.31764575839042664,0.0
docgap_21ab4b81dff236c1,Name a chord. A [GAP] is a list of names.,shorthand,chord,-0.4210006296634674,0.25925925925925924
docgap_c523de8238348c29,Creates and adds duplicate analyses from the source [GAP] to the destination slot.,and,slot,-0.49848654866218567,0.0
docgap_1ae848400e0b4c8a,Sets [GAP] value for the cluster.,TC1,the TC1,-0.28645288944244385,0.3636363636363636
docgap_65b8bd65a74cab8c,Converts a given variant into a [GAP] the descriptors in the given object.,list of,list containing,-0.024221224710345268,0.3137254901960784
docgap_ee542031e6d8c3c7,Parse the [GAP] a dictionary.,response to,gdb mi output into,-0.4911874234676361,0.09722222222222224
docgap_cd12c64445feb2d5,Remove a section [GAP] file. Returns the removed section as dictionary.,from the,from an ini,-0.30906742811203003,0.35714285714285715
docgap_9b9d797827348f00,Returns whether [GAP] attribute.,a skip is an,to skip the specified,-0.5428674817085266,0.28571428571428575
docgap_00e3e1b25af4ce14,Default [GAP] for match error handling.,url,error handler,-0.4458296298980713,0.057971014492753624
docgap_89424e7202b737f5,Detects [GAP] something which is not an instance or a type.,a base for,that a class inherits,-0.6260685324668884,0.11538461538461539
docgap_5ac7a0d2808b25c1,Instantiates [GAP] the current object,the parser to,the argparse parser for,-0.3717106282711029,0.5053763440860215
docgap_42b4527c14fc0d44,Searchers [GAP] in this repo and returns a map of study id = = > study filepath,create id2study info,for files,-0.4669870138168335,0.1111111111111111
docgap_90343ec13d2065c5,Checks if [GAP] strategy is intraday and returns the result.,the,a particular,-0.30165767669677734,0.031746031746031744
docgap_03b01facc418cf9b,Overrides the workflow actions menu displayed top right in the object s view. Returns the list of [GAP] be performed.,items to,actions that can,-0.29145485162734985,0.15789473684210525
docgap_ed89be647eea708b,Run a Quil program on the [GAP] and return the values stored in the classical registers designated by the classical_addresses parameter.,address parameter,QVM multiple times,-0.878757894039154,0.09999999999999999
docgap_ea408d8bf7ce1dff,Assembler adds an immediate value to the [GAP] value and writes the result to the destination register.,cpu,PC,-0.6242170929908752,0.0
docgap_5251210f8d586de2,Function waitPuppetCatalogToBeApplied Wait for puppet [GAP] applied to the given key,CatalogTo be,catalog to be,-0.2416163980960846,0.5166666666666667
docgap_339f5ee6335e5e22,Generic message when no [GAP] is found.,info,information,-0.08158738166093826,0.3278688524590164
docgap_839f1fd4cbe98122,Checks a single object for [GAP] the manager.,the object in,collisions with,-0.7838720679283142,0.11594202898550725
docgap_5d61ba9eec402d2b,Remove all vertices in the current mesh which are not [GAP] a face.,referenced to,referenced by,-0.6985648274421692,0.8095238095238095
docgap_d4ebe5e92f3f8c59,Return a [GAP] representing this model.,dict,json dictionary,-0.38947752118110657,0.23529411764705882
docgap_aba64d318d1eac2d,Get super ctx method and super [GAP] with input name.,method,ctx where name matches,-0.133195698261261,0.07246376811594203
docgap_089fa4fbb83550dc,Returns a uids list of the objects this action must be [GAP] against to.,able to get,performed,-0.5975130796432495,0.06666666666666667
docgap_86cbc0c7716a942e,Disable automatic [GAP] a netCDF4. Variable.,code from,decoding on,-0.5199602246284485,0.22222222222222224
docgap_c26fc1ed51f032e1,This [GAP] waits until the child exits. This will block forever if the child has unread output and has terminated.,method,method,-0.5421664714813232,1.0
docgap_83e6dc467ef63422,Populate meta data for [GAP] information.,the q,a sequence with quality,-1.360369324684143,0.11594202898550725
docgap_319e16f0467ea005,This is a convenience method that returns a Fedora object that [GAP] datastream.,is a raw,is a raw,-0.4462727904319763,1.0
docgap_99bc169d5bc9f0dd,Return a new monitor usable [GAP] different operation.,for a,for a,-0.20684365928173065,1.0
docgap_ce28eb538c4e4ce9,Returns a new LSTM with recurrent dropout enabled for [GAP] and test LSTM.,the LSTM,training,-0.9018208384513855,0.030303030303030304
docgap_814c4c33a094a047,r Return the natural neighbors of [GAP] triangle containing a point.,a,a given,-0.07618819922208786,0.07142857142857142
docgap_c92afef15b4cb377,returns a composite array with the [GAP]-> rlz,eid,associations eid,-0.44201841950416565,0.13793103448275862
docgap_8136e35250fa4d81,Function that adds a description [GAP] class.,to a model,to a model,-0.21639874577522278,1.0
docgap_d460986df78dd46c,find examples not [GAP] and move them into examples,available,under lib dir,-0.6597375273704529,0.0784313725490196
docgap_f17aad4d1ec3d4c8,Internal method for [GAP] building Custom Indicator Class.,the,dynamically,-0.7483112215995789,0.0
docgap_982128011438a628,Return [GAP]-readable string representation of this object.,a pretty,a human,-0.18009084463119507,0.09999999999999999
docgap_08a99c1644ce7d60,Return QMED estimate based [GAP]-over-threshold (POT records.,on a point,on peaks,-0.6620274782180786,0.23076923076923075
docgap_f4135e4d46e62f51,Dump a deque into [GAP]-compatible dict.,a json,a JSON,-0.46014899015426636,0.14285714285714285
docgap_5c660c460efe2b42,Updates the upper and [GAP] depths based on the input edges,lower,lower,-0.3356303572654724,1.0
docgap_c9d93f1d34216f69,Generator [GAP] a chunked-encoded HTTP response.,a streamhelper for,for data coming from,-0.6215651035308838,0.16161616161616163
docgap_66a25e425324c74a,Un-[GAP] updates.,schedule,schedules sending of initial,-0.3090273439884186,0.3548387096774193
docgap_8dafab0bf46b6e7c,Provide GC annotated intervals for [GAP] during panels and denoising.,the target file,error correction,-0.8018848299980164,0.07692307692307691
docgap_283bad57529b0f22,Create [GAP] with the specified event.,a menu,a menu,-0.15415672957897186,1.0
docgap_80c37f9e02a2ac60,Return a datetime instance from a string [GAP] now_field.,to a,generated by,-0.33689355850219727,0.08955223880597013
docgap_a71440a04e3a7566,Returns a list of SSH keys [GAP] user.,for the,for the current,-0.4038262963294983,0.5294117647058824
docgap_a073acc92d9a3967,returns a list of [GAP] user selection,contacts by,contacts by,-0.2746340036392212,1.0
docgap_9b00bc7f33859b6b,Returns [GAP] steps that contain downbeats.,downbeat,the indices of time,-0.23678450286388397,0.07575757575757576
docgap_de680a99f4e0842c,Generates a [GAP] with the same transitions.,state,new POP state,-0.12162022292613983,0.3846153846153846
docgap_b5182e31ed00f732,Initialize application and KVSession. This will replace the session management of the [GAP] with the session management of the application with Flask-KVSession s.,application,application,-0.07480592280626297,1.0
docgap_99cd8e64474e718e,Return [GAP] normalized for duscan usage: no trailing slash.,the pathname,path,-0.49921008944511414,0.29850746268656714
docgap_6e17bd636f80f288,Convert samples to mono if [GAP] are not mono already.,they,they,-0.13430273532867432,1.0
docgap_a27d375b98a0b58c,Given a state [GAP] indices to slice partial FDMT solution and sump to a given DM,of FDMT,return,-0.3876170217990875,0.0
docgap_9f1ecd2ef29848a0,Draw each visible mesh in the scene from the perspective of the scene s camera and lit [GAP] light.,by the,by its,-0.4729374349117279,0.3333333333333333
docgap_46f2b86d1b989b0c,Remove [GAP] header from the file text.,the coding,the coding,-0.3672506809234619,1.0
docgap_c7520a20b9e1ec51,Publish an [GAP] a list of values returned by its subscribers.,event with,event and return,-0.22811143100261688,0.34920634920634924
docgap_4657c921488e92f3,Load a constraint satisfaction [GAP] from a. cnf file.,file,problem,-0.7086296677589417,0.16216216216216217
docgap_48e72227ee8a881e,Get the archiver metrics for [GAP] key.,the pg,the given,-0.5780066847801208,0.36666666666666664
docgap_e2b8add59f637d3d,Read lines of [GAP]. _filename convert them to read alignments and yield them.,the filename,JSON from self,-0.7522066235542297,0.09523809523809525
docgap_d891704757334f35,Calculates average dictinary from list of [GAP] give label,values to,dictionary for,-0.5772510766983032,0.07407407407407407
docgap_f0bbbd7836158bc4,Execute the [GAP] return the result of the command.,command and,command and,-0.19476290047168732,1.0
docgap_e9e473ffba509756,Setup recovery [GAP] for the current node.,of the workingdir,metadata,-0.7624040842056274,0.05
docgap_ec8d114eec964b6d,Return frame from the buffer together [GAP] next frame,with the,with the,-0.18725734949111938,1.0
docgap_2aae8293a1ea003c,Log exception [GAP]. Compatible with logging. exception signature.,signature,event,-0.12624552845954895,0.1111111111111111
docgap_dec0ca021e9a9085,Return an iterator over [GAP] in the current window.,the XML,the data,-1.2953029870986938,0.3333333333333333
docgap_2a7767d2369a9f69,Write rows to table with key and return a generator of [GAP] entries.,generator,the new,-0.4561294913291931,0.15151515151515152
docgap_9650a1c4b73faa85,Set [GAP] the item at the given index to the given value.,the value of,the data of,-0.2868070900440216,0.3148148148148148
docgap_5cdd4bc9baad5a4d,Compute multiplicative self attention for [GAP] with batch dimension.,a single unit,time series of vectors,-0.7307806611061096,0.1
docgap_b881e106dfd09b88,Uploads a [GAP] the dataset with the given source and destination paths.,dataset from,file to,-0.7383835911750793,0.11904761904761904
docgap_db9f27612ebce227,Return a string representation of the tasks [GAP] statuses and parameters in a dependency tree format,",",their,-0.29193899035453796,0.0
docgap_3d3630d2dc22a872,Reset the timing values [GAP] resource.,of the,for the specified,-0.3727189898490906,0.2222222222222222
docgap_7c637d88de4b0dc6,instantiate the classes that [GAP] source and destination crash storage systems.,are used for,implement the,-0.8307480812072754,0.05
docgap_19b0155d29f3f1b1,Transform each item [GAP] a callback.,into,in the collection using,-0.0856439471244812,0.07518796992481203
docgap_ef270467dd494e88,Adds a [GAP] log for missing exceptions.,raise,message to the,-0.5974697470664978,0.07142857142857142
docgap_8c16fe60e8abd506,Move file pointer back to [GAP] recorded starting position.,the,its,-0.18112535774707794,0.16666666666666666
docgap_00cbbb007f7da8b6,The local dir for staging files for [GAP] particular task.,a,that,-0.033293217420578,0.18181818181818182
docgap_44129e3791ab7589,Convenience function to [GAP] configure any level of logging to a file.,configure and,quickly,-0.5226187705993652,0.06666666666666667
docgap_c2490efbf48baa39,Get the [GAP] needed by child to unpickle process object,data,basic data,-0.2832828164100647,0.3636363636363636
docgap_96f68d30a6c5eed2,Parses the [GAP]-list.,group,value into a group,-0.2434951663017273,0.27777777777777773
docgap_c4363ba6681f2083,Returns [GAP] of all field names that should be created when instantiating this serializer class.,a list,the list,-0.13296686112880707,0.5555555555555556
docgap_cc20b2c11805fd56,Switches on logging [GAP] level.,to a given,at a given,-0.5908600091934204,0.7555555555555555
docgap_20b4e6fa82241aec,Convert 2 [GAP] file to MagIC file,g,G binary format,-0.4038739800453186,0.0
docgap_36d5075365c496ae,Serializes the object [GAP] a JWE token.,to,into,-0.3519112765789032,0.4615384615384615
docgap_53ac973a1bd65660,This method calculates [GAP] two images.,the squared differences of,the squared differences between,-0.542626678943634,0.8269230769230769
docgap_4af941d62181cc94,Get the path [GAP] on the minion where CIBs are saved,based,to the directory,-0.5429516434669495,0.041666666666666664
docgap_15e01bd3ddd9e302,Retrieve running configuration [GAP] device state information.,requests from,and,-0.6636474132537842,0.0
docgap_ebcef5a3febf7a57,returns a single milestone with [GAP] number,a,the given,-0.5374189615249634,0.0
