masked,pred,ref,f
Iterate over an analysis dictionary [GAP] selected attributes.,of,with,0.0
Refreshes the contacts service endpoint ensuring that the contacts data [GAP]-date.,is up-to,is up-to,1.0
This is a DCH directive. It is used to set the value of [GAP] value in memory.,the,the attribute,0.17391304347826084
Function [GAP] identifier and revision for extracted embedded content; id_and_revision_extractor is called by the xml-import hook id_and_revision_extractor.,:,for determining an,0.0
Converts and keeps only words in text [GAP] valid,.,deemed to be,0.0
Populate the ndarrays [GAP] SGC game with the payoff values of the SGC game.,of the,in the,0.47619047619047616
Returns a [GAP] Sentence elements found under this element.,list of,generator of,0.16666666666666666
Log and [GAP] error with a logical formatted message.,log,raise an,0.0
Add a new instance of this [GAP] a part.,as,model to,0.0
Remove documents [GAP] mapping_type from the index.,Remove documents from the index by mapping_type.,of a specified,0.08187134502923978
Check if [GAP] have a given value.,the value is given. Check if the value does not,all linked needs,0.09195402298850576
Compute an appropriate offset for future id values given the set of [GAP] backends.,id,ids currently defined across,0.038461538461538464
Search for pip [GAP] in PyPI matching search_string.,ppp,packages,0.05128205128205128
Create the [GAP] and invoke the specified method.,Create the Create the Create Create the Create Create Create the Create Create Create Create Create,specified dataset,0.02702702702702703
Utility for key [GAP] dig/dug,&,management in,0.0
Executes a [GAP] the output,reload of,git command and returns,0.09876543209876544
Delete a [GAP] specific target.,target for a,file from a,0.16666666666666669
Execute the command. Intercepts [GAP] to show the help text.,are used,the help subsubcommand,0.10666666666666667
Get the value of [GAP] section.,this,an option in a,0.05063291139240506
Given a minute return the [GAP] containing session.,session,label of the,0.047619047619047616
Removes every node in [GAP] outside the polygon or MultiPolygon.,the polygon,graph that lie,0.13333333333333333
Send a command to [GAP] hostname.,the,AFNI at,0.06060606060606061
Save a [GAP]-length arrays in the dataset with the given key.,few,sequence of variable,0.036036036036036036
Yields all OSM Note [GAP] in the feed.,s,objects,0.07142857142857142
r Gets the tweets for [GAP] returns the specified count times.,the tweets and,the given query and,0.2619047619047619
Builds a protein-level peptide-idetable from a [GAP] table.,protein-level peptide-idetable,joined lookup,0.07894736842105263
Predicts the size [GAP] for the given model_names.,of model_names,models,0.35555555555555557
Calculates the future value of the current value of [GAP] given number of years.,the current value of the current value of the current value of the given number,the aracartor for a,0.08602150537634409
Define and document a variable [GAP] space.,space,in an arbitrary name,0.03333333333333333
Default [GAP] a # include line.,to,handling of,0.037037037037037035
A simple anomaly detection using Seasonal Hybrid [GAP] Tests for a series of anomalies.,Hybrid,ESD,0.0
This method declares a Party of [GAP] enforcing a detection separation in seconds.,the Party of the Party,detections by,0.07777777777777778
Strip the trailing router prompt [GAP] output.,s,from the,0.0
Remove all [GAP] are not in SAVED_CONFIG_FILES,the items that,config files that,0.3076923076923077
Bulk-reference the specified [GAP] items into a long DataFrame.,data,set of,0.06451612903225806
Splits [GAP] into two lists of coplanar polygons.,the polygon,a polygon,0.7333333333333334
This [GAP] returns a description of a node.,page,method,0.06451612903225806
Iterate [GAP] performed by this user.,is,over events,0.037037037037037035
Adds [GAP] everything with Rsky > maxrad.,to,a constraint that rejects,0.028985507246376812
Split a docker link string into a list [GAP] items.,of,of 3,0.4615384615384615
Returns a dictionary for the document with values [GAP] types.,of different,converted to JSON safe,0.12643678160919541
Return a value from [GAP]:. Context.,the value,this: class,0.13333333333333333
Check if there is already a method [GAP] name.,for the method,with the given,0.2753623188405797
Return difference in angle from start_a to end_a. direction is a boolean indicating whether the angle is counter-clockwise [GAP] counter-clockwise.,or,or,1.0
Tries to determine [GAP] the sensors command.,the sensor command.,the CPU temperature using,0.1452991452991453
Convert serialized pstats to a [GAP] raw entries.,serialized pstat to,list of,0.14285714285714288
Returns a [GAP] frequencies for frequency hopping,number of,list of,0.18181818181818185
Transform a [GAP] MATCH query string.,MATCH query string into a,ConstructResult block into a,0.2638888888888889
Changes a [GAP] of a specific keybindname.,keybindname,keybind,0.6923076923076924
Estimate the mean and variance of a data set of X assuming that [GAP] distribution.,the distribution is a distribution,is a gaussian,0.15873015873015872
Initializes the information for this [GAP] from the given JSON data blob.,information,class,0.0303030303030303
Create an [GAP] for extra items or properties.,Create an account for extra items or properties. Create an account for extra items or,error message,0.06451612903225805
Returns True iff self. center. [GAP]) < = self. radius + other. radius,radius + other. radius + other. radius + other. radius + other,distance (other. center,0.16666666666666669
Reads the [GAP] and Standard Deviation from WOA and returns the corresponding WOA values for the given time lon and depth.,WOA Values,WOA Monthly Climatologic Mean,0.12745098039215685
Sign the data and return the root [GAP] XML tree.,of the,element of the,0.4666666666666667
r [GAP] equilibrium experiment.,.,Time-correlation for,0.0
Returns the chromosome [GAP] for a given chromosome,chromosome,priority,0.05128205128205128
Merges the original dataframe with corresponding entity uuids [GAP] the given columns.,in,based on,0.05555555555555555
Returns a queryset of all the [GAP] items for this one.,queryset,default,0.09999999999999999
Update the state of [GAP] filter with new values.,Update the state of the filter filter with new values.,the current,0.08888888888888889
