sample_id,target_sequence
tw_00001,type_question parent_n00 type_answer parent_n01 type_appreciation parent_n02
tw_00003,type_elaboration parent_root type_question parent_n00 type_answer parent_n06
tw_00004,type_answer parent_root type_question parent_n00 type_answer parent_n05
tw_00006,type_answer parent_root type_elaboration parent_n03 type_agreement parent_n04
tw_00012,type_question parent_n00 type_answer parent_n02 type_appreciation parent_n03
tw_00014,type_question parent_n02 type_answer parent_n03 type_elaboration parent_n04
tw_00017,type_answer parent_n00 type_appreciation parent_n01 type_appreciation parent_n02
tw_00018,type_question parent_n02 type_answer parent_n03 type_question parent_n04
tw_00020,type_answer parent_root type_question parent_n01 type_answer parent_n02 type_appreciation parent_n04
tw_00021,type_elaboration parent_n02 type_agreement parent_n03 type_appreciation parent_n04
tw_00028,type_question parent_root type_answer parent_n01 type_agreement parent_n03
tw_00030,type_answer parent_root type_elaboration parent_n03 type_elaboration parent_n04
tw_00032,type_question parent_n02 type_answer parent_n03 type_agreement parent_n04
tw_00033,type_question parent_n00 type_answer parent_n01 type_agreement parent_n02
tw_00042,type_answer parent_n00 type_appreciation parent_n01 type_appreciation parent_n02
tw_00043,type_answer parent_n00 type_elaboration parent_n02 type_agreement parent_n03
tw_00045,type_answer parent_root type_elaboration parent_n03 type_agreement parent_n04
tw_00046,type_answer parent_root type_elaboration parent_n00 type_elaboration parent_n04 type_agreement parent_n05
tw_00049,type_answer parent_root type_elaboration parent_n03 type_elaboration parent_n04
tw_00054,type_answer parent_n00 type_elaboration parent_n02 type_agreement parent_n03
tw_00057,type_answer parent_root type_question parent_n00 type_answer parent_n05
tw_00060,type_answer parent_n00 type_elaboration parent_n01 type_agreement parent_n03
tw_00061,type_question parent_n00 type_answer parent_n01 type_elaboration parent_n02 type_question parent_n04
tw_00062,type_answer parent_n00 type_elaboration parent_n01 type_agreement parent_n02
tw_00065,type_answer parent_n00 type_appreciation parent_n01 type_appreciation parent_n02
tw_00068,type_question parent_n02 type_answer parent_n03 type_elaboration parent_n04
tw_00070,type_answer parent_n00 type_answer parent_n02 type_question parent_n03
tw_00075,type_answer parent_n00 type_elaboration parent_n02 type_question parent_n03
tw_00078,type_answer parent_n00 type_elaboration parent_n01 type_appreciation parent_n02
tw_00082,type_elaboration parent_n00 type_elaboration parent_n01 type_agreement parent_n04
tw_00083,type_question parent_n00 type_answer parent_n01 type_appreciation parent_n02
tw_00087,type_answer parent_n00 type_question parent_n02 type_answer parent_n03 type_appreciation parent_n04
tw_00100,type_elaboration parent_n02 type_elaboration parent_n03 type_question parent_n04
tw_00101,type_answer parent_n00 type_elaboration parent_n01 type_agreement parent_n02
tw_00102,type_answer parent_n00 type_elaboration parent_n01 type_answer parent_n02
tw_00108,type_answer parent_n00 type_question parent_n01 type_answer parent_n02 type_question parent_n04
tw_00109,type_question parent_n01 type_answer parent_n02 type_elaboration parent_n03
tw_00111,type_answer parent_root type_elaboration parent_n03 type_agreement parent_n04
tw_00117,type_question parent_n00 type_answer parent_n02 type_question parent_n03
tw_00120,type_answer parent_n00 type_appreciation parent_n01 type_appreciation parent_n02
tw_00126,type_question parent_n01 type_answer parent_n02 type_elaboration parent_n03 type_appreciation parent_n04
tw_00127,type_answer parent_n00 type_answer parent_n03 type_question parent_n04
tw_00143,type_question parent_n01 type_answer parent_n02 type_elaboration parent_n03
tw_00144,type_answer parent_root type_elaboration parent_n02 type_elaboration parent_n03 type_agreement parent_n04
tw_00145,type_answer parent_root type_elaboration parent_n03 type_agreement parent_n04
tw_00159,type_elaboration parent_n00 type_elaboration parent_n01 type_agreement parent_n02
tw_00168,type_answer parent_n00 type_question parent_n01 type_answer parent_n02 type_appreciation parent_n03
tw_00171,type_answer parent_n00 type_appreciation parent_n01 type_answer parent_n02
tw_00173,type_answer parent_root type_elaboration parent_n03 type_answer parent_n04
tw_00175,type_elaboration parent_n01 type_elaboration parent_n03 type_appreciation parent_n04
tw_00177,type_answer parent_root type_elaboration parent_n04 type_agreement parent_n05
tw_00183,type_answer parent_n00 type_elaboration parent_n01 type_agreement parent_n02
tw_00186,type_answer parent_n00 type_appreciation parent_n01 type_appreciation parent_n02
tw_00189,type_question parent_n00 type_answer parent_n01 type_question parent_n03
tw_00190,type_answer parent_root type_question parent_n03 type_answer parent_n04
tw_00195,type_answer parent_root type_question parent_n02 type_answer parent_n03 type_appreciation parent_n04
tw_00198,type_question parent_n02 type_answer parent_n03 type_question parent_n04
tw_00199,type_answer parent_n00 type_question parent_n01 type_answer parent_n02
tw_00207,type_answer parent_n00 type_question parent_n02 type_answer parent_n03
tw_00212,type_answer parent_root type_elaboration parent_n03 type_agreement parent_n04
tw_00213,type_answer parent_n00 type_elaboration parent_n01 type_agreement parent_n02
tw_00214,type_question parent_n00 type_answer parent_n01 type_agreement parent_n02
tw_00215,type_answer parent_n00 type_elaboration parent_n02 type_elaboration parent_n04
tw_00216,type_answer parent_root type_appreciation parent_n02 type_appreciation parent_n04
tw_00219,type_elaboration parent_root type_elaboration parent_n01 type_elaboration parent_n02 type_agreement parent_n05
tw_00220,type_answer parent_n00 type_elaboration parent_n01 type_question parent_n02
tw_00221,type_answer parent_n00 type_question parent_n01 type_answer parent_n02 type_appreciation parent_n03
tw_00224,type_question parent_n01 type_answer parent_n02 type_appreciation parent_n03 type_appreciation parent_n04
tw_00235,type_question parent_n02 type_answer parent_n03 type_appreciation parent_n04
tw_00237,type_question parent_n02 type_answer parent_n03 type_elaboration parent_n04
tw_00240,type_answer parent_root type_question parent_n05 type_answer parent_n06
tw_00242,type_answer parent_root type_elaboration parent_n02 type_agreement parent_n04
tw_00245,type_question parent_root type_answer parent_n00 type_answer parent_n03 type_appreciation parent_n04
tw_00253,type_question parent_n00 type_answer parent_n01 type_elaboration parent_n03 type_agreement parent_n04
tw_00257,type_answer parent_root type_elaboration parent_n03 type_appreciation parent_n04
tw_00260,type_answer parent_root type_elaboration parent_n00 type_elaboration parent_n06 type_agreement parent_n08
tw_00264,type_question parent_root type_answer parent_n03 type_appreciation parent_n04
tw_00269,type_answer parent_n00 type_elaboration parent_n03 type_agreement parent_n04
tw_00271,type_answer parent_n00 type_question parent_n03 type_answer parent_n04
tw_00275,type_question parent_n02 type_answer parent_n03 type_question parent_n04
tw_00277,type_question parent_n00 type_answer parent_n01 type_answer parent_n02
tw_00285,type_answer parent_root type_question parent_n03 type_answer parent_n04
tw_00288,type_question parent_root type_answer parent_n01 type_appreciation parent_n04
tw_00299,type_answer parent_n00 type_elaboration parent_n03 type_elaboration parent_n04
tw_00301,type_elaboration parent_root type_elaboration parent_n02 type_agreement parent_n04
tw_00302,type_question parent_root type_question parent_n02 type_elaboration parent_n03 type_appreciation parent_n04
tw_00308,type_answer parent_n01 type_question parent_n02 type_answer parent_n03 type_appreciation parent_n04
tw_00310,type_answer parent_root type_elaboration parent_n03 type_appreciation parent_n04
tw_00319,type_answer parent_root type_elaboration parent_n01 type_elaboration parent_n02 type_agreement parent_n04
tw_00320,type_answer parent_root type_elaboration parent_n03 type_elaboration parent_n04
tw_00323,type_elaboration parent_n00 type_question parent_n03 type_answer parent_n04
tw_00325,type_answer parent_n00 type_appreciation parent_n02 type_appreciation parent_n03
tw_00328,type_answer parent_n01 type_question parent_n02 type_answer parent_n03 type_question parent_n04
tw_00334,type_question parent_n01 type_answer parent_n02 type_elaboration parent_n03
tw_00345,type_answer parent_root type_elaboration parent_n03 type_question parent_n04
tw_00346,type_question parent_n00 type_answer parent_n01 type_appreciation parent_n02
tw_00354,type_answer parent_n00 type_elaboration parent_n01 type_elaboration parent_n02
tw_00355,type_elaboration parent_n02 type_elaboration parent_n03 type_agreement parent_n04
tw_00356,type_answer parent_root type_elaboration parent_n03 type_agreement parent_n04
tw_00358,type_answer parent_n02 type_elaboration parent_n03 type_appreciation parent_n04
tw_00359,type_answer parent_root type_question parent_n03 type_answer parent_n04
tw_00360,type_answer parent_root type_appreciation parent_n03 type_appreciation parent_n04
tw_00367,type_answer parent_n00 type_elaboration parent_n01 type_answer parent_n02
tw_00372,type_answer parent_root type_question parent_n02 type_answer parent_n03 type_appreciation parent_n04
tw_00376,type_elaboration parent_n02 type_elaboration parent_n03 type_agreement parent_n04
tw_00378,type_answer parent_root type_elaboration parent_n00 type_elaboration parent_n04
tw_00384,type_elaboration parent_root type_elaboration parent_n00 type_elaboration parent_n04
tw_00390,type_answer parent_root type_elaboration parent_n03 type_agreement parent_n04
tw_00398,type_elaboration parent_n00 type_elaboration parent_n03 type_appreciation parent_n04
tw_00400,type_question parent_n00 type_answer parent_n02 type_elaboration parent_n03
tw_00402,type_elaboration parent_n02 type_elaboration parent_n03 type_question parent_n04
tw_00408,type_question parent_n00 type_answer parent_n01 type_elaboration parent_n02 type_elaboration parent_n03
tw_00411,type_answer parent_n01 type_question parent_n02 type_answer parent_n03 type_question parent_n04
tw_00416,type_answer parent_n00 type_question parent_n01 type_answer parent_n02
tw_00424,type_question parent_root type_answer parent_n03 type_appreciation parent_n04
tw_00428,type_answer parent_n00 type_question parent_n03 type_answer parent_n04
tw_00432,type_answer parent_root type_elaboration parent_n01 type_elaboration parent_n04
tw_00433,type_question parent_n00 type_answer parent_n01 type_appreciation parent_n02
tw_00438,type_answer parent_n00 type_elaboration parent_n01 type_appreciation parent_n02
tw_00439,type_question parent_n01 type_answer parent_n02 type_appreciation parent_n03
tw_00440,type_answer parent_n00 type_elaboration parent_n03 type_answer parent_n04
tw_00443,type_answer parent_n02 type_elaboration parent_n03 type_agreement parent_n04
tw_00446,type_answer parent_root type_question parent_n03 type_answer parent_n04
tw_00450,type_question parent_n02 type_answer parent_n03 type_appreciation parent_n04
tw_00451,type_answer parent_root type_elaboration parent_n03 type_agreement parent_n04
tw_00454,type_answer parent_n00 type_elaboration parent_n01 type_appreciation parent_n02
tw_00458,type_answer parent_root type_elaboration parent_n03 type_agreement parent_n04
tw_00459,type_answer parent_n00 type_elaboration parent_n02 type_agreement parent_n03
tw_00461,type_elaboration parent_n01 type_elaboration parent_n02 type_elaboration parent_n03 type_agreement parent_n04
tw_00462,type_answer parent_root type_question parent_n00 type_answer parent_n04
tw_00468,type_question parent_root type_answer parent_n03 type_appreciation parent_n04
tw_00472,type_question parent_root type_answer parent_n03 type_question parent_n04
tw_00476,type_answer parent_root type_appreciation parent_n03 type_appreciation parent_n04
tw_00477,type_elaboration parent_n01 type_elaboration parent_n03 type_question parent_n04
tw_00479,type_answer parent_n00 type_question parent_n01 type_answer parent_n02
tw_00482,type_question parent_n01 type_answer parent_n02 type_appreciation parent_n03
tw_00488,type_answer parent_root type_elaboration parent_n03 type_elaboration parent_n04
tw_00492,type_answer parent_n00 type_question parent_n02 type_answer parent_n03
tw_00493,type_answer parent_root type_question parent_n03 type_answer parent_n04
tw_00502,type_answer parent_root type_elaboration parent_n02 type_appreciation parent_n04
tw_00504,type_answer parent_n00 type_appreciation parent_n01 type_appreciation parent_n03
tw_00508,type_answer parent_root type_question parent_n02 type_answer parent_n03 type_appreciation parent_n04
tw_00510,type_answer parent_n00 type_appreciation parent_n01 type_appreciation parent_n02
tw_00513,type_answer parent_n01 type_question parent_n02 type_answer parent_n03 type_appreciation parent_n04
tw_00514,type_answer parent_root type_elaboration parent_n03 type_answer parent_n04
tw_00517,type_answer parent_root type_elaboration parent_n03 type_agreement parent_n04
tw_00519,type_elaboration parent_root type_elaboration parent_n02 type_agreement parent_n04
tw_00522,type_answer parent_root type_question parent_n02 type_answer parent_n04
tw_00527,type_elaboration parent_n00 type_elaboration parent_n01 type_agreement parent_n02
tw_00529,type_elaboration parent_root type_elaboration parent_n02 type_question parent_n03
tw_00531,type_answer parent_n00 type_question parent_n01 type_answer parent_n02 type_appreciation parent_n03
tw_00536,type_answer parent_n00 type_elaboration parent_n01 type_agreement parent_n02
tw_00537,type_agreement parent_root type_agreement parent_n03 type_agreement parent_n04
tw_00540,type_answer parent_n00 type_appreciation parent_n01 type_appreciation parent_n03
tw_00545,type_answer parent_root type_elaboration parent_n03 type_question parent_n04
tw_00548,type_answer parent_root type_question parent_n02 type_answer parent_n03 type_appreciation parent_n04
tw_00552,type_answer parent_n00 type_elaboration parent_n02 type_agreement parent_n03
tw_00553,type_answer parent_n01 type_elaboration parent_n02 type_elaboration parent_n03 type_agreement parent_n04
tw_00555,type_question parent_n02 type_answer parent_n03 type_question parent_n04
tw_00556,type_elaboration parent_n00 type_question parent_n01 type_answer parent_n03
tw_00558,type_answer parent_root type_question parent_n02 type_answer parent_n03 type_agreement parent_n04
tw_00560,type_answer parent_root type_elaboration parent_n03 type_agreement parent_n04
tw_00567,type_question parent_n00 type_answer parent_n01 type_appreciation parent_n02
tw_00570,type_answer parent_root type_elaboration parent_n03 type_elaboration parent_n04
tw_00572,type_answer parent_n00 type_elaboration parent_n01 type_question parent_n02
tw_00576,type_answer parent_root type_question parent_n02 type_answer parent_n03 type_question parent_n04
tw_00577,type_question parent_n00 type_answer parent_n03 type_appreciation parent_n04
tw_00579,type_question parent_n01 type_answer parent_n02 type_appreciation parent_n03
tw_00580,type_elaboration parent_n02 type_elaboration parent_n03 type_elaboration parent_n04
tw_00582,type_question parent_n00 type_answer parent_n01 type_appreciation parent_n02
tw_00589,type_question parent_n02 type_answer parent_n03 type_appreciation parent_n04
tw_00592,type_elaboration parent_n00 type_elaboration parent_n02 type_elaboration parent_n04
tw_00593,type_elaboration parent_root type_elaboration parent_n03 type_elaboration parent_n04
tw_00594,type_answer parent_n00 type_elaboration parent_n01 type_appreciation parent_n02
tw_00601,type_answer parent_root type_elaboration parent_n03 type_elaboration parent_n04
tw_00602,type_answer parent_n00 type_appreciation parent_n01 type_appreciation parent_n02
tw_00603,type_answer parent_n00 type_appreciation parent_n02 type_appreciation parent_n03
tw_00604,type_answer parent_root type_elaboration parent_n03 type_agreement parent_n04
tw_00605,type_answer parent_root type_elaboration parent_n03 type_answer parent_n04
tw_00614,type_question parent_n00 type_answer parent_n01 type_appreciation parent_n02
tw_00615,type_question parent_root type_answer parent_n02 type_appreciation parent_n04
tw_00616,type_answer parent_root type_question parent_n00 type_answer parent_n01
tw_00618,type_answer parent_root type_question parent_n03 type_answer parent_n04
tw_00630,type_elaboration parent_n01 type_question parent_n02 type_answer parent_n03 type_appreciation parent_n04
tw_00631,type_answer parent_root type_question parent_n00 type_answer parent_n05 type_appreciation parent_n06
tw_00634,type_question parent_n01 type_question parent_n02 type_answer parent_n03 type_appreciation parent_n04
tw_00639,type_question parent_n01 type_question parent_n02 type_answer parent_n03 type_question parent_n04
tw_00640,type_answer parent_root type_elaboration parent_n03 type_agreement parent_n04
tw_00641,type_elaboration parent_n02 type_elaboration parent_n03 type_agreement parent_n04
tw_00645,type_question parent_n00 type_answer parent_n01 type_appreciation parent_n04
tw_00646,type_elaboration parent_n01 type_elaboration parent_n02 type_answer parent_n04
tw_00647,type_answer parent_n00 type_question parent_n01 type_answer parent_n02 type_appreciation parent_n03
tw_00648,type_question parent_n02 type_answer parent_n03 type_question parent_n04
tw_00649,type_answer parent_n00 type_answer parent_n01 type_question parent_n02
tw_00651,type_answer parent_root type_question parent_n03 type_answer parent_n04
tw_00656,type_answer parent_root type_question parent_n02 type_answer parent_n03 type_question parent_n04
tw_00657,type_answer parent_root type_elaboration parent_n03 type_answer parent_n04
tw_00658,type_answer parent_n00 type_question parent_n01 type_answer parent_n02 type_appreciation parent_n03
tw_00660,type_appreciation parent_root type_appreciation parent_n03 type_appreciation parent_n04
tw_00666,type_answer parent_n02 type_question parent_n03 type_answer parent_n04
tw_00671,type_question parent_n02 type_answer parent_n03 type_appreciation parent_n04
tw_00682,type_answer parent_root type_elaboration parent_n03 type_agreement parent_n04
tw_00691,type_question parent_root type_answer parent_n03 type_appreciation parent_n04
tw_00693,type_answer parent_root type_elaboration parent_n03 type_agreement parent_n04
tw_00696,type_elaboration parent_n01 type_elaboration parent_n02 type_elaboration parent_n03
tw_00700,type_answer parent_n00 type_question parent_n01 type_answer parent_n02
tw_00702,type_elaboration parent_n01 type_elaboration parent_n02 type_elaboration parent_n03 type_elaboration parent_n04
tw_00704,type_answer parent_n00 type_elaboration parent_n01 type_agreement parent_n02
tw_00706,type_question parent_root type_answer parent_n00 type_question parent_n06
tw_00716,type_answer parent_root type_question parent_n00 type_answer parent_n03 type_agreement parent_n04
tw_00717,type_answer parent_n00 type_question parent_n03 type_answer parent_n04
tw_00721,type_answer parent_n00 type_elaboration parent_n02 type_agreement parent_n03
tw_00728,type_answer parent_n00 type_elaboration parent_n03 type_agreement parent_n04
tw_00732,type_answer parent_n00 type_question parent_n01 type_answer parent_n02
tw_00733,type_answer parent_n00 type_question parent_n01 type_answer parent_n02 type_agreement parent_n04
tw_00735,type_answer parent_n00 type_question parent_n01 type_answer parent_n02
tw_00742,type_answer parent_n00 type_elaboration parent_n02 type_elaboration parent_n03
tw_00744,type_answer parent_root type_elaboration parent_n00 type_elaboration parent_n01
tw_00745,type_answer parent_n00 type_appreciation parent_n03 type_appreciation parent_n04
tw_00748,type_answer parent_root type_question parent_n03 type_answer parent_n04
tw_00750,type_answer parent_n00 type_elaboration parent_n01 type_appreciation parent_n02
tw_00751,type_answer parent_n02 type_elaboration parent_n03 type_answer parent_n04
tw_00752,type_answer parent_root type_elaboration parent_n00 type_answer parent_n04
tw_00757,type_answer parent_root type_elaboration parent_n03 type_elaboration parent_n04
tw_00765,type_answer parent_n00 type_elaboration parent_n01 type_elaboration parent_n02
tw_00769,type_elaboration parent_n02 type_elaboration parent_n03 type_appreciation parent_n04
tw_00771,type_answer parent_n00 type_elaboration parent_n01 type_answer parent_n02
tw_00773,type_answer parent_root type_elaboration parent_n03 type_elaboration parent_n04
tw_00790,type_answer parent_n00 type_question parent_n01 type_elaboration parent_n02
tw_00793,type_question parent_n00 type_answer parent_n01 type_appreciation parent_n02
tw_00795,type_answer parent_n01 type_question parent_n02 type_answer parent_n03 type_appreciation parent_n04
tw_00798,type_elaboration parent_n00 type_elaboration parent_n01 type_appreciation parent_n02
tw_00801,type_answer parent_n00 type_elaboration parent_n01 type_elaboration parent_n02
tw_00805,type_answer parent_root type_question parent_n00 type_answer parent_n01
tw_00806,type_answer parent_n00 type_question parent_n02 type_answer parent_n03
tw_00808,type_answer parent_n01 type_elaboration parent_n02 type_elaboration parent_n03
tw_00816,type_elaboration parent_root type_elaboration parent_n01 type_appreciation parent_n05
tw_00817,type_answer parent_root type_elaboration parent_n02 type_elaboration parent_n04
tw_00827,type_answer parent_n00 type_elaboration parent_n03 type_appreciation parent_n04
tw_00828,type_answer parent_root type_elaboration parent_n03 type_appreciation parent_n04
tw_00829,type_answer parent_n01 type_elaboration parent_n02 type_elaboration parent_n04
tw_00830,type_answer parent_root type_question parent_n02 type_answer parent_n03 type_agreement parent_n04
tw_00835,type_elaboration parent_n02 type_elaboration parent_n03 type_agreement parent_n04
tw_00839,type_question parent_n01 type_answer parent_n02 type_question parent_n03
tw_00841,type_elaboration parent_root type_elaboration parent_n03 type_agreement parent_n04
tw_00843,type_answer parent_root type_elaboration parent_n03 type_elaboration parent_n04
tw_00844,type_answer parent_root type_question parent_n01 type_answer parent_n06
tw_00845,type_answer parent_n00 type_question parent_n01 type_answer parent_n02
tw_00847,type_answer parent_n00 type_elaboration parent_n02 type_question parent_n03
tw_00854,type_question parent_n00 type_answer parent_n02 type_question parent_n03
tw_00858,type_elaboration parent_n01 type_elaboration parent_n02 type_elaboration parent_n04
tw_00868,type_answer parent_n02 type_elaboration parent_n03 type_elaboration parent_n04
tw_00869,type_question parent_n01 type_answer parent_n03 type_agreement parent_n04
tw_00870,type_answer parent_n01 type_question parent_n02 type_answer parent_n03 type_question parent_n04
tw_00877,type_answer parent_n00 type_question parent_n01 type_answer parent_n02 type_appreciation parent_n03
tw_00880,type_answer parent_n00 type_elaboration parent_n02 type_agreement parent_n04
tw_00881,type_answer parent_n00 type_elaboration parent_n02 type_answer parent_n03
tw_00892,type_answer parent_n02 type_elaboration parent_n03 type_agreement parent_n04
tw_00894,type_answer parent_n00 type_elaboration parent_n01 type_appreciation parent_n02
tw_00895,type_answer parent_n00 type_appreciation parent_n01 type_appreciation parent_n02
tw_00906,type_answer parent_n00 type_elaboration parent_n02 type_agreement parent_n03
tw_00907,type_answer parent_root type_answer parent_n00 type_elaboration parent_n06 type_appreciation parent_n07
tw_00911,type_answer parent_root type_question parent_n03 type_answer parent_n04
tw_00919,type_answer parent_n00 type_elaboration parent_n02 type_agreement parent_n03
tw_00922,type_answer parent_root type_elaboration parent_n03 type_agreement parent_n04
tw_00925,type_answer parent_root type_elaboration parent_n00 type_elaboration parent_n05 type_agreement parent_n06
tw_00932,type_elaboration parent_n02 type_elaboration parent_n03 type_agreement parent_n04
tw_00935,type_answer parent_root type_elaboration parent_n02 type_elaboration parent_n03
tw_00937,type_answer parent_n00 type_elaboration parent_n01 type_elaboration parent_n03
tw_00944,type_answer parent_n00 type_question parent_n01 type_answer parent_n02 type_appreciation parent_n03
tw_00945,type_answer parent_root type_elaboration parent_n03 type_answer parent_n04
tw_00950,type_answer parent_n00 type_elaboration parent_n02 type_elaboration parent_n03
tw_00951,type_question parent_n00 type_answer parent_n03 type_answer parent_n04
tw_00957,type_elaboration parent_n02 type_elaboration parent_n03 type_elaboration parent_n04 type_appreciation parent_n05
tw_00958,type_question parent_n00 type_answer parent_n01 type_elaboration parent_n02
tw_00959,type_answer parent_root type_answer parent_n03 type_question parent_n04
tw_00966,type_question parent_n00 type_answer parent_n01 type_elaboration parent_n02 type_elaboration parent_n04
tw_00974,type_answer parent_n00 type_appreciation parent_n01 type_appreciation parent_n02
tw_00977,type_question parent_n00 type_answer parent_n03 type_appreciation parent_n04
tw_00984,type_question parent_n01 type_answer parent_n02 type_appreciation parent_n03
tw_00985,type_answer parent_root type_elaboration parent_n00 type_agreement parent_n06
tw_00993,type_answer parent_root type_question parent_n03 type_answer parent_n04
tw_00998,type_question parent_n02 type_answer parent_n03 type_agreement parent_n04
tw_00999,type_answer parent_root type_elaboration parent_n03 type_agreement parent_n04
tw_01005,type_question parent_n00 type_answer parent_n01 type_question parent_n04
tw_01009,type_answer parent_n00 type_appreciation parent_n02 type_answer parent_n03
tw_01014,type_answer parent_n00 type_appreciation parent_n01 type_question parent_n02
tw_01018,type_question parent_n00 type_answer parent_n01 type_appreciation parent_n02
tw_01025,type_answer parent_n00 type_appreciation parent_n01 type_appreciation parent_n02
tw_01027,type_question parent_n00 type_answer parent_n01 type_appreciation parent_n02
tw_01035,type_answer parent_n00 type_elaboration parent_n03 type_elaboration parent_n04
tw_01038,type_answer parent_n00 type_elaboration parent_n01 type_appreciation parent_n02
tw_01039,type_question parent_n00 type_answer parent_n01 type_appreciation parent_n03
tw_01057,type_answer parent_n00 type_elaboration parent_n01 type_agreement parent_n02
tw_01059,type_answer parent_root type_elaboration parent_n03 type_appreciation parent_n04
tw_01065,type_answer parent_root type_question parent_n02 type_answer parent_n03 type_appreciation parent_n04
tw_01066,type_elaboration parent_n01 type_question parent_n02 type_answer parent_n03 type_question parent_n04
tw_01073,type_elaboration parent_n01 type_elaboration parent_n02 type_elaboration parent_n03 type_agreement parent_n04
tw_01076,type_question parent_n00 type_answer parent_n01 type_agreement parent_n03
tw_01083,type_answer parent_n02 type_question parent_n03 type_answer parent_n04
tw_01084,type_answer parent_n00 type_elaboration parent_n01 type_question parent_n02
tw_01085,type_answer parent_root type_question parent_n03 type_answer parent_n04
tw_01090,type_answer parent_n00 type_question parent_n01 type_answer parent_n02
tw_01091,type_answer parent_n00 type_elaboration parent_n02 type_agreement parent_n03
tw_01094,type_appreciation parent_n01 type_appreciation parent_n03 type_appreciation parent_n04
tw_01099,type_question parent_root type_answer parent_n02 type_appreciation parent_n04
tw_01100,type_question parent_n01 type_answer parent_n02 type_appreciation parent_n04
tw_01105,type_answer parent_n00 type_question parent_n01 type_answer parent_n04
tw_01111,type_answer parent_n00 type_elaboration parent_n01 type_appreciation parent_n02
tw_01112,type_question parent_n00 type_answer parent_n01 type_question parent_n02
tw_01113,type_question parent_n02 type_answer parent_n03 type_question parent_n04
tw_01116,type_answer parent_n00 type_elaboration parent_n01 type_appreciation parent_n02
tw_01120,type_answer parent_n00 type_elaboration parent_n01 type_appreciation parent_n02
tw_01122,type_elaboration parent_root type_elaboration parent_n11 type_elaboration parent_n10
tw_01123,type_answer parent_n00 type_elaboration parent_n03 type_appreciation parent_n04
tw_01125,type_question parent_n00 type_answer parent_n01 type_question parent_n02
tw_01133,type_answer parent_root type_appreciation parent_n03 type_appreciation parent_n04
tw_01134,type_answer parent_n00 type_elaboration parent_n02 type_agreement parent_n04
tw_01135,type_question parent_n01 type_answer parent_n02 type_question parent_n03
tw_01137,type_answer parent_root type_agreement parent_n02 type_agreement parent_n04
tw_01140,type_answer parent_n00 type_question parent_n01 type_answer parent_n02 type_appreciation parent_n04
tw_01143,type_answer parent_root type_answer parent_n02 type_question parent_n03
tw_01146,type_question parent_n00 type_answer parent_n02 type_elaboration parent_n03
tw_01147,type_answer parent_n00 type_elaboration parent_n03 type_appreciation parent_n04
tw_01148,type_answer parent_n00 type_appreciation parent_n03 type_appreciation parent_n04
tw_01150,type_answer parent_n00 type_elaboration parent_n01 type_agreement parent_n02
tw_01153,type_answer parent_n00 type_elaboration parent_n02 type_appreciation parent_n03
tw_01159,type_answer parent_n03 type_elaboration parent_n02 type_agreement parent_n09
tw_01160,type_question parent_n00 type_answer parent_n01 type_elaboration parent_n02
tw_01161,type_answer parent_n00 type_elaboration parent_n01 type_agreement parent_n02
tw_01166,type_answer parent_root type_elaboration parent_n03 type_elaboration parent_n04
tw_01169,type_question parent_root type_answer parent_n03 type_question parent_n04
tw_01173,type_answer parent_n00 type_question parent_n01 type_answer parent_n02
tw_01178,type_answer parent_root type_elaboration parent_n03 type_agreement parent_n04
tw_01179,type_answer parent_root type_elaboration parent_n02 type_elaboration parent_n03
tw_01187,type_question parent_n00 type_answer parent_n02 type_elaboration parent_n03
tw_01188,type_answer parent_n00 type_appreciation parent_n01 type_appreciation parent_n02
tw_01189,type_elaboration parent_n01 type_elaboration parent_n02 type_elaboration parent_n03 type_agreement parent_n04
tw_01190,type_elaboration parent_n02 type_elaboration parent_n03 type_agreement parent_n04
tw_01197,type_answer parent_n00 type_elaboration parent_n02 type_answer parent_n03
tw_01202,type_answer parent_n00 type_question parent_n01 type_answer parent_n02 type_elaboration parent_n03
tw_01206,type_elaboration parent_n01 type_question parent_n02 type_answer parent_n03 type_question parent_n04
tw_01212,type_answer parent_n00 type_appreciation parent_n01 type_appreciation parent_n02
tw_01215,type_question parent_n02 type_answer parent_n03 type_appreciation parent_n04
tw_01216,type_answer parent_n00 type_appreciation parent_n02 type_appreciation parent_n03
tw_01220,type_question parent_n01 type_answer parent_n02 type_elaboration parent_n03 type_appreciation parent_n04
tw_01221,type_elaboration parent_n01 type_elaboration parent_n02 type_agreement parent_n03
tw_01226,type_question parent_n02 type_question parent_n03 type_question parent_n04
tw_01228,type_answer parent_root type_elaboration parent_n02 type_answer parent_n04
tw_01233,type_answer parent_n00 type_question parent_n01 type_answer parent_n02
tw_01237,type_question parent_root type_answer parent_n00 type_appreciation parent_n05
tw_01241,type_answer parent_root type_elaboration parent_n03 type_question parent_n04
tw_01242,type_question parent_n02 type_answer parent_n03 type_appreciation parent_n04
tw_01243,type_answer parent_root type_elaboration parent_n01 type_elaboration parent_n02
tw_01244,type_elaboration parent_n01 type_elaboration parent_n02 type_elaboration parent_n03 type_appreciation parent_n04
tw_01251,type_question parent_root type_answer parent_n00 type_appreciation parent_n04
tw_01255,type_answer parent_n02 type_elaboration parent_n03 type_agreement parent_n04
tw_01267,type_question parent_root type_answer parent_n00 type_appreciation parent_n04
tw_01275,type_answer parent_root type_elaboration parent_n02 type_elaboration parent_n03
tw_01276,type_answer parent_n00 type_elaboration parent_n01 type_elaboration parent_n02
tw_01278,type_answer parent_root type_elaboration parent_n00 type_elaboration parent_n02 type_agreement parent_n07
tw_01280,type_question parent_n01 type_answer parent_n02 type_elaboration parent_n04
tw_01288,type_answer parent_n00 type_appreciation parent_n01 type_appreciation parent_n02
tw_01289,type_answer parent_n00 type_elaboration parent_n01 type_agreement parent_n04
tw_01290,type_question parent_n00 type_answer parent_n01 type_question parent_n02
tw_01293,type_elaboration parent_n02 type_elaboration parent_n03 type_appreciation parent_n04
tw_01294,type_question parent_n01 type_question parent_n02 type_answer parent_n03 type_question parent_n04
tw_01297,type_question parent_n02 type_answer parent_n03 type_question parent_n04
tw_01300,type_answer parent_n00 type_elaboration parent_n01 type_agreement parent_n03
tw_01301,type_answer parent_root type_elaboration parent_n01 type_agreement parent_n04
tw_01304,type_answer parent_n00 type_appreciation parent_n01 type_appreciation parent_n02
tw_01306,type_elaboration parent_root type_elaboration parent_n02 type_elaboration parent_n03 type_agreement parent_n04
tw_01309,type_answer parent_n00 type_elaboration parent_n01 type_appreciation parent_n03
tw_01317,type_question parent_n01 type_answer parent_n02 type_appreciation parent_n03
tw_01320,type_answer parent_root type_elaboration parent_n03 type_agreement parent_n04
tw_01321,type_question parent_n01 type_answer parent_n02 type_elaboration parent_n04
tw_01326,type_answer parent_n00 type_elaboration parent_n01 type_appreciation parent_n02
tw_01327,type_answer parent_n00 type_elaboration parent_n01 type_appreciation parent_n04
tw_01329,type_question parent_root type_answer parent_n00 type_question parent_n06
tw_01331,type_answer parent_root type_question parent_n02 type_answer parent_n03
tw_01333,type_answer parent_root type_question parent_n02 type_question parent_n04
tw_01335,type_answer parent_n00 type_question parent_n03 type_answer parent_n04
tw_01340,type_answer parent_n00 type_question parent_n01 type_answer parent_n02 type_question parent_n03
tw_01344,type_question parent_root type_answer parent_n02 type_elaboration parent_n04
tw_01353,type_question parent_n01 type_answer parent_n02 type_elaboration parent_n03
tw_01355,type_answer parent_root type_elaboration parent_n02 type_elaboration parent_n04
tw_01359,type_answer parent_n00 type_elaboration parent_n02 type_agreement parent_n03
tw_01361,type_answer parent_n00 type_elaboration parent_n02 type_agreement parent_n03
tw_01366,type_elaboration parent_n01 type_question parent_n02 type_answer parent_n03 type_appreciation parent_n04
tw_01368,type_answer parent_n00 type_question parent_n01 type_answer parent_n02 type_appreciation parent_n03
tw_01373,type_answer parent_n00 type_elaboration parent_n01 type_agreement parent_n02
tw_01375,type_answer parent_n00 type_question parent_n01 type_answer parent_n02
tw_01383,type_elaboration parent_n01 type_elaboration parent_n02 type_elaboration parent_n03 type_agreement parent_n04
tw_01384,type_answer parent_n00 type_question parent_n01 type_answer parent_n02
tw_01385,type_answer parent_root type_elaboration parent_n02 type_elaboration parent_n03
tw_01394,type_elaboration parent_n01 type_elaboration parent_n02 type_appreciation parent_n04
tw_01395,type_answer parent_root type_question parent_n03 type_answer parent_n04
tw_01396,type_answer parent_root type_elaboration parent_n00 type_question parent_n04
tw_01398,type_question parent_n01 type_answer parent_n02 type_appreciation parent_n03
tw_01399,type_answer parent_n00 type_elaboration parent_n03 type_elaboration parent_n04
tw_01400,type_answer parent_root type_elaboration parent_n03 type_elaboration parent_n04
tw_01402,type_answer parent_root type_elaboration parent_n03 type_elaboration parent_n04
tw_01405,type_answer parent_n00 type_appreciation parent_n02 type_appreciation parent_n03
tw_01412,type_elaboration parent_n00 type_elaboration parent_n03 type_elaboration parent_n04
tw_01413,type_answer parent_n00 type_question parent_n01 type_answer parent_n02 type_question parent_n03
tw_01414,type_question parent_n00 type_answer parent_n01 type_question parent_n02
tw_01419,type_answer parent_n00 type_elaboration parent_n01 type_appreciation parent_n02
tw_01421,type_answer parent_n00 type_elaboration parent_n02 type_question parent_n03
tw_01426,type_answer parent_root type_elaboration parent_n03 type_agreement parent_n04
tw_01431,type_answer parent_root type_elaboration parent_n01 type_agreement parent_n02
tw_01432,type_answer parent_n00 type_elaboration parent_n01 type_agreement parent_n02
tw_01435,type_answer parent_n00 type_question parent_n01 type_answer parent_n02 type_appreciation parent_n03
tw_01442,type_answer parent_n00 type_elaboration parent_n03 type_appreciation parent_n04
tw_01445,type_answer parent_n00 type_elaboration parent_n01 type_appreciation parent_n02
tw_01448,type_answer parent_n00 type_answer parent_n01 type_question parent_n02
tw_01449,type_answer parent_n00 type_appreciation parent_n01 type_appreciation parent_n02
tw_01450,type_answer parent_root type_elaboration parent_n02 type_elaboration parent_n04
tw_01454,type_answer parent_n00 type_appreciation parent_n03 type_appreciation parent_n04
tw_01459,type_answer parent_root type_question parent_n03 type_answer parent_n04
tw_01463,type_answer parent_root type_elaboration parent_n04 type_elaboration parent_n05
tw_01464,type_answer parent_root type_elaboration parent_n03 type_agreement parent_n04
tw_01471,type_answer parent_n00 type_answer parent_n01 type_appreciation parent_n03
tw_01475,type_answer parent_n00 type_elaboration parent_n02 type_appreciation parent_n03
tw_01480,type_question parent_n00 type_answer parent_n01 type_question parent_n03
tw_01482,type_answer parent_root type_question parent_n02 type_answer parent_n03
tw_01493,type_answer parent_n00 type_elaboration parent_n01 type_elaboration parent_n02
tw_01494,type_question parent_n00 type_answer parent_n02 type_appreciation parent_n03
tw_01501,type_answer parent_root type_elaboration parent_n03 type_agreement parent_n04
tw_01504,type_elaboration parent_n02 type_elaboration parent_n03 type_agreement parent_n04
tw_01517,type_question parent_n01 type_question parent_n02 type_answer parent_n03 type_question parent_n04
tw_01519,type_answer parent_n00 type_appreciation parent_n01 type_appreciation parent_n02
tw_01520,type_answer parent_n00 type_answer parent_n01 type_question parent_n02 type_answer parent_n03
tw_01523,type_answer parent_root type_elaboration parent_n01 type_elaboration parent_n03 type_agreement parent_n04
tw_01528,type_answer parent_root type_question parent_n02 type_answer parent_n03 type_elaboration parent_n04
tw_01532,type_question parent_n00 type_answer parent_n01 type_appreciation parent_n02
tw_01534,type_answer parent_root type_elaboration parent_n03 type_elaboration parent_n04
tw_01536,type_answer parent_n00 type_appreciation parent_n01 type_appreciation parent_n02
tw_01537,type_agreement parent_n00 type_question parent_n01 type_answer parent_n03 type_appreciation parent_n04
tw_01538,type_question parent_n02 type_answer parent_n03 type_appreciation parent_n04
tw_01542,type_answer parent_root type_answer parent_n03 type_appreciation parent_n04
tw_01545,type_answer parent_n00 type_appreciation parent_n01 type_appreciation parent_n02
tw_01551,type_answer parent_root type_question parent_n03 type_answer parent_n04
tw_01555,type_answer parent_n00 type_elaboration parent_n02 type_elaboration parent_n03
tw_01557,type_answer parent_root type_answer parent_n03 type_question parent_n04
tw_01565,type_question parent_n01 type_answer parent_n02 type_answer parent_n03 type_appreciation parent_n04
tw_01570,type_question parent_n02 type_answer parent_n03 type_appreciation parent_n04
tw_01573,type_answer parent_root type_elaboration parent_n03 type_agreement parent_n04
tw_01575,type_answer parent_n00 type_appreciation parent_n01 type_answer parent_n02
tw_01577,type_answer parent_n00 type_elaboration parent_n01 type_appreciation parent_n02
tw_01578,type_question parent_n00 type_answer parent_n01 type_appreciation parent_n02
tw_01584,type_answer parent_n00 type_question parent_n01 type_answer parent_n02
tw_01587,type_question parent_n01 type_answer parent_n02 type_agreement parent_n03
tw_01590,type_answer parent_root type_elaboration parent_n02 type_elaboration parent_n03
tw_01595,type_answer parent_root type_elaboration parent_n03 type_agreement parent_n04
tw_01596,type_answer parent_n00 type_elaboration parent_n01 type_appreciation parent_n02
tw_01597,type_answer parent_n00 type_elaboration parent_n01 type_elaboration parent_n07
tw_01600,type_question parent_root type_answer parent_n03 type_agreement parent_n04
tw_01602,type_answer parent_root type_question parent_n03 type_answer parent_n04
tw_01605,type_question parent_n02 type_answer parent_n03 type_appreciation parent_n04
tw_01607,type_elaboration parent_n00 type_elaboration parent_n01 type_elaboration parent_n03 type_agreement parent_n04
tw_01610,type_answer parent_root type_elaboration parent_n02 type_question parent_n04
tw_01612,type_answer parent_root type_question parent_n00 type_elaboration parent_n04 type_elaboration parent_n05
tw_01614,type_question parent_n02 type_answer parent_n03 type_appreciation parent_n04
tw_01617,type_elaboration parent_n00 type_elaboration parent_n02 type_elaboration parent_n03
tw_01619,type_question parent_root type_answer parent_n02 type_elaboration parent_n03 type_agreement parent_n04
tw_01622,type_answer parent_n00 type_question parent_n01 type_answer parent_n04
tw_01630,type_elaboration parent_n01 type_question parent_n02 type_answer parent_n03 type_appreciation parent_n04
tw_01635,type_elaboration parent_n02 type_answer parent_n03 type_appreciation parent_n04
tw_01637,type_answer parent_root type_elaboration parent_n00 type_elaboration parent_n01
tw_01641,type_answer parent_root type_question parent_n03 type_answer parent_n04
tw_01642,type_answer parent_root type_elaboration parent_n03 type_agreement parent_n04
tw_01645,type_answer parent_n00 type_elaboration parent_n02 type_appreciation parent_n03
tw_01647,type_elaboration parent_root type_elaboration parent_n02 type_agreement parent_n03
tw_01648,type_question parent_n01 type_question parent_n02 type_answer parent_n03 type_question parent_n04
tw_01657,type_answer parent_n00 type_question parent_n01 type_answer parent_n02 type_appreciation parent_n03
tw_01659,type_answer parent_root type_question parent_n04 type_answer parent_n05
tw_01666,type_elaboration parent_n01 type_elaboration parent_n02 type_elaboration parent_n03
tw_01669,type_elaboration parent_root type_elaboration parent_n02 type_elaboration parent_n03 type_agreement parent_n04
tw_01671,type_answer parent_root type_question parent_n03 type_answer parent_n04
tw_01679,type_answer parent_n00 type_elaboration parent_n01 type_appreciation parent_n02
tw_01684,type_answer parent_root type_question parent_n03 type_answer parent_n04
tw_01686,type_question parent_n00 type_answer parent_n01 type_appreciation parent_n02
tw_01689,type_answer parent_n00 type_elaboration parent_n01 type_agreement parent_n02
tw_01695,type_question parent_root type_answer parent_n01 type_agreement parent_n04
tw_01699,type_answer parent_root type_elaboration parent_n02 type_elaboration parent_n07
tw_01700,type_answer parent_n00 type_elaboration parent_n02 type_elaboration parent_n03 type_appreciation parent_n04
tw_01705,type_question parent_n02 type_answer parent_n03 type_elaboration parent_n04
tw_01706,type_elaboration parent_n01 type_elaboration parent_n02 type_agreement parent_n04
tw_01709,type_answer parent_n00 type_appreciation parent_n01 type_appreciation parent_n02
tw_01710,type_answer parent_n01 type_question parent_n02 type_answer parent_n03 type_question parent_n04
tw_01720,type_answer parent_root type_elaboration parent_n03 type_elaboration parent_n04
tw_01723,type_answer parent_root type_question parent_n02 type_answer parent_n03 type_appreciation parent_n04
tw_01724,type_question parent_root type_answer parent_n02 type_appreciation parent_n04
tw_01726,type_answer parent_n00 type_elaboration parent_n02 type_elaboration parent_n03
tw_01727,type_elaboration parent_root type_elaboration parent_n03 type_agreement parent_n04
tw_01731,type_elaboration parent_root type_elaboration parent_n03 type_agreement parent_n04
tw_01736,type_answer parent_n00 type_appreciation parent_n03 type_appreciation parent_n04
tw_01742,type_answer parent_n00 type_appreciation parent_n01 type_appreciation parent_n02
tw_01744,type_answer parent_n00 type_elaboration parent_n01 type_question parent_n02
tw_01749,type_elaboration parent_n00 type_elaboration parent_n03 type_agreement parent_n04
