id,screening_route
sign_4e8656fcb63df39f,SEPARATION_OFFSET
sign_1b8468ea9451ecc9,JOINT_ALIGNED
sign_2187d6bdaca9a68f,JOINT_ALIGNED
sign_417bd8adefcb1b36,SEPARATION_ALIGNED
sign_050e2b5eec79c29f,INDEPENDENT_PROPOSALS
sign_af06488cde0f0d5d,SEPARATION_OFFSET
sign_b9155aad795a9b2f,INDEPENDENT_PROPOSALS
sign_16ddfa2d2c3497c7,SEPARATION_OFFSET
sign_0e039b2f6043dda6,SEPARATION_ALIGNED
sign_66c41defa307b1da,SEPARATION_ALIGNED
sign_bb5d9745a1337d79,SEPARATION_ALIGNED
sign_1e826c245969c067,SEPARATION_OFFSET
sign_1f6308d565d2b2f2,JOINT_OFFSET
sign_4a9d050b3d89c204,JOINT_ALIGNED
sign_5db78d81d98a74a5,INDEPENDENT_PROPOSALS
sign_54e1a23c1e407d60,INDEPENDENT_PROPOSALS
sign_f70063e3eba12f61,INDEPENDENT_PROPOSALS
sign_541b5c6f284201aa,JOINT_ALIGNED
sign_b88327286ca97529,SEPARATION_OFFSET
sign_21595f614e450989,JOINT_ALIGNED
sign_3ec0524d71511e01,INDEPENDENT_PROPOSALS
sign_cb011925a0f185d0,SEPARATION_OFFSET
sign_138f5183b249e98e,SEPARATION_ALIGNED
sign_c41e2ca20cbfe954,SEPARATION_ALIGNED
sign_195723e2683b2a6f,SEPARATION_OFFSET
sign_1c8bf94c80aa6d8f,INDEPENDENT_PROPOSALS
sign_1cf3a57e52f8f7dc,SEPARATION_OFFSET
sign_799bba886cdb1f43,JOINT_OFFSET
sign_fd251af548c1be20,JOINT_ALIGNED
sign_dc8b0215bed50a39,INDEPENDENT_PROPOSALS
sign_3f905a099092d296,JOINT_OFFSET
sign_d89c96e964ce4dcf,JOINT_ALIGNED
sign_0fcea70cc45a671f,JOINT_ALIGNED
sign_71d1e3220b142b58,INDEPENDENT_PROPOSALS
sign_63c51200feda9b20,SEPARATION_OFFSET
sign_41eba8b160475ded,JOINT_OFFSET
sign_48a1e07e11e57a30,INDEPENDENT_PROPOSALS
sign_446b6a77f8c75fa2,SEPARATION_ALIGNED
sign_93a0ebe1b4663431,SEPARATION_ALIGNED
sign_264494dbf5150ac7,SEPARATION_ALIGNED
sign_a11e86c0b3700c46,JOINT_OFFSET
sign_da999497e2c1bc6e,SEPARATION_ALIGNED
sign_d8453c835d6b7488,JOINT_ALIGNED
sign_bc0b2ad3b3d5e06d,SEPARATION_ALIGNED
sign_856730018812d0a6,JOINT_OFFSET
sign_e88af31ff1cd9065,SEPARATION_ALIGNED
sign_203d11210004252f,INDEPENDENT_PROPOSALS
sign_2b3fbe45222ceb5b,JOINT_OFFSET
sign_ee633503d8e22e31,INDEPENDENT_PROPOSALS
sign_1fde8ca378b80879,SEPARATION_OFFSET
sign_1b47a4e979ad3d2e,SEPARATION_ALIGNED
sign_e0a5fcff4b05b92b,JOINT_ALIGNED
sign_766b8d55a6f97df4,INDEPENDENT_PROPOSALS
sign_4ceb33c0e6309945,SEPARATION_ALIGNED
sign_e673fdc302439961,SEPARATION_ALIGNED
sign_f188466c3e0376de,SEPARATION_ALIGNED
sign_e47cf87e5071fc4e,SEPARATION_ALIGNED
sign_0485378c3254d393,SEPARATION_ALIGNED
sign_f2e5442e1c6f391e,INDEPENDENT_PROPOSALS
sign_86755e039b1b7339,SEPARATION_OFFSET
sign_f4225d79c39ebd2f,JOINT_ALIGNED
sign_f2e982f8d6dd3cca,SEPARATION_ALIGNED
sign_4c0de55469a55cde,JOINT_OFFSET
sign_90e56f46ddd715ba,JOINT_ALIGNED
sign_3a0d4414af8c8bb8,SEPARATION_ALIGNED
sign_a3ba762915329392,SEPARATION_ALIGNED
sign_42f5648da36b186b,JOINT_ALIGNED
sign_149648f7801b83a5,INDEPENDENT_PROPOSALS
sign_dc876f0a2f50984b,JOINT_ALIGNED
sign_030872c99810f9c6,INDEPENDENT_PROPOSALS
sign_aea8f8bf67d526d0,INDEPENDENT_PROPOSALS
sign_08a9f73848c99167,SEPARATION_ALIGNED
sign_d526160e4250e3e6,JOINT_OFFSET
sign_c5b0bf43d88ed610,JOINT_OFFSET
sign_a330855c8960d280,JOINT_OFFSET
sign_5c83f26bc8d5b46d,SEPARATION_OFFSET
sign_1e110519a3609e30,INDEPENDENT_PROPOSALS
sign_e11cec52f7a25c0a,JOINT_OFFSET
sign_bef8ba983b24c918,JOINT_ALIGNED
sign_e7f2db53afb5f023,INDEPENDENT_PROPOSALS
sign_c69893fdec6c2d0e,SEPARATION_ALIGNED
sign_af20022720249895,JOINT_ALIGNED
sign_9955ae9adf8a2df7,INDEPENDENT_PROPOSALS
sign_922a6c2a22f9c6e2,SEPARATION_ALIGNED
sign_8ff9e4ceba511ff4,INDEPENDENT_PROPOSALS
sign_af21cbc04a7602a0,SEPARATION_ALIGNED
sign_07cf6a8c53e7b79b,JOINT_OFFSET
sign_169a2ac2342cd10d,INDEPENDENT_PROPOSALS
sign_810dd22023476897,INDEPENDENT_PROPOSALS
sign_47b5e41c91c7b806,INDEPENDENT_PROPOSALS
sign_f4e068b08995f2a8,SEPARATION_ALIGNED
sign_639ece4dfc420673,SEPARATION_ALIGNED
sign_c0dc6576ef8bcad8,JOINT_ALIGNED
sign_0463345cfbd595b1,JOINT_OFFSET
sign_865c106a1ef4cb02,INDEPENDENT_PROPOSALS
sign_1fc77e6287d3b64c,INDEPENDENT_PROPOSALS
sign_6b3df3a8a58deb84,SEPARATION_ALIGNED
sign_28a08b7f2706c4b7,JOINT_ALIGNED
sign_e3f74e18e271189f,JOINT_OFFSET
sign_0206c13311fd9d9d,SEPARATION_ALIGNED
sign_0a3bee24f3934d68,JOINT_OFFSET
sign_99e268c18400ce43,SEPARATION_ALIGNED
sign_1ae934a014263ca0,SEPARATION_ALIGNED
sign_45b8e2eb80df2de1,JOINT_OFFSET
sign_0ea8d7723bb4d42e,SEPARATION_OFFSET
sign_cc78f546e9777ee2,SEPARATION_OFFSET
sign_913297f9b081ff6a,INDEPENDENT_PROPOSALS
sign_e5513b12b7cfd33e,SEPARATION_OFFSET
sign_7f90e81669a6db46,JOINT_ALIGNED
sign_65dd1b5790e135f9,SEPARATION_ALIGNED
sign_4e4d9e5f64f53ca9,SEPARATION_OFFSET
sign_28bbe90b313b7523,JOINT_OFFSET
sign_02c981cc24507011,JOINT_OFFSET
sign_16b67a6a8446e0ec,JOINT_ALIGNED
sign_092a1c25c4274a8e,INDEPENDENT_PROPOSALS
sign_658abf17e3675fe5,INDEPENDENT_PROPOSALS
sign_588b1424bb8a3d00,SEPARATION_OFFSET
sign_095af35b6732421e,SEPARATION_ALIGNED
sign_9fe3632b9ccd1d92,INDEPENDENT_PROPOSALS
sign_50bb087260b47ff5,SEPARATION_ALIGNED
sign_308b9fe9c92af2a7,INDEPENDENT_PROPOSALS
sign_57058b5d9f29cd7a,SEPARATION_ALIGNED
sign_9ba33fdaa4597105,INDEPENDENT_PROPOSALS
sign_6b35de90c763d725,JOINT_ALIGNED
sign_27234867a52bbb51,JOINT_ALIGNED
sign_5a5580f8b939bae2,SEPARATION_OFFSET
sign_3d818f1fe618dbab,SEPARATION_ALIGNED
sign_4aacbadd2f2854b1,SEPARATION_ALIGNED
sign_1fe497a14903451b,JOINT_ALIGNED
sign_d61bee580d4e652e,INDEPENDENT_PROPOSALS
sign_1036fc840f8dc51b,INDEPENDENT_PROPOSALS
sign_639942fa0c4587be,SEPARATION_ALIGNED
sign_fab907f3c6c7e486,SEPARATION_ALIGNED
sign_0818bf605c5c8dec,JOINT_OFFSET
sign_729db20a89d88d44,SEPARATION_OFFSET
sign_5d16a6ad1a9b3f60,JOINT_OFFSET
sign_46b6c549197575bb,SEPARATION_ALIGNED
sign_084b2f438a7afaea,JOINT_ALIGNED
sign_ee0ebd1ccfc8ffbb,INDEPENDENT_PROPOSALS
sign_aa8af63c540507e8,SEPARATION_ALIGNED
sign_698084f690d9ad5d,SEPARATION_OFFSET
sign_d4104020b496ffe9,INDEPENDENT_PROPOSALS
sign_37fa7209337c3aa4,SEPARATION_ALIGNED
sign_3e54eaa395031d8d,JOINT_OFFSET
sign_acfb4ce92aee697b,INDEPENDENT_PROPOSALS
sign_48a74f33ac3440a5,SEPARATION_OFFSET
sign_b84d564b8ae174d3,SEPARATION_OFFSET
sign_65973a5325aeba75,SEPARATION_OFFSET
sign_401e5cda3f31703b,INDEPENDENT_PROPOSALS
sign_b656478d33d550be,JOINT_ALIGNED
sign_81f059b4c4b7936d,SEPARATION_ALIGNED
sign_8542cadd627720c9,SEPARATION_OFFSET
sign_7447f8c95ed9a32f,JOINT_ALIGNED
sign_b1e0f9edb620ee3f,INDEPENDENT_PROPOSALS
sign_a600e1f0792d53c4,JOINT_OFFSET
sign_c64a037b6fc3468b,JOINT_OFFSET
sign_764b712212c5af24,JOINT_OFFSET
sign_313459683b06fffa,SEPARATION_OFFSET
sign_730001a11276e914,JOINT_OFFSET
sign_e0e4629fb64cfc98,JOINT_ALIGNED
sign_b420a79d984b9650,SEPARATION_ALIGNED
sign_f242f015a0c82665,INDEPENDENT_PROPOSALS
sign_feb1c964db434576,JOINT_ALIGNED
sign_a3688c4fa9d9e4f2,INDEPENDENT_PROPOSALS
sign_8527f765666a2be5,INDEPENDENT_PROPOSALS
sign_3325516514cf87f1,JOINT_OFFSET
sign_0f2cab2160134e4e,JOINT_OFFSET
sign_f766e897fcc0a57d,JOINT_ALIGNED
sign_5f718ef74af348c4,JOINT_OFFSET
sign_fd81a3387d6dd9b5,SEPARATION_ALIGNED
sign_d16d785b8320219b,SEPARATION_ALIGNED
sign_e4bf0e576d35b5de,JOINT_OFFSET
sign_ece3d4dec5704993,SEPARATION_OFFSET
sign_d91170b8cd9ed433,SEPARATION_OFFSET
sign_ef882829f49b48f5,INDEPENDENT_PROPOSALS
sign_061236507a9a97e2,INDEPENDENT_PROPOSALS
sign_4e403f09658baf5d,INDEPENDENT_PROPOSALS
sign_243202a0edef0ebc,INDEPENDENT_PROPOSALS
sign_d6d37572699bd111,SEPARATION_OFFSET
sign_1322d1cdc93df957,JOINT_ALIGNED
sign_a211d00a93c1eba3,SEPARATION_ALIGNED
sign_b24c7dfeb7792863,SEPARATION_ALIGNED
sign_7c39f286eff60f45,INDEPENDENT_PROPOSALS
sign_31e736019070ad27,JOINT_ALIGNED
sign_d5708b254cca7bec,SEPARATION_ALIGNED
sign_24a4f20237ff8b90,SEPARATION_OFFSET
sign_8bfeedd6f22a8461,JOINT_ALIGNED
sign_b7e22a3183f507ae,JOINT_OFFSET
sign_e12d0d7c7a17d06d,INDEPENDENT_PROPOSALS
sign_63156b0fa86fc00b,INDEPENDENT_PROPOSALS
sign_ac88a67081778da4,SEPARATION_ALIGNED
sign_8d4e460957ee9922,INDEPENDENT_PROPOSALS
sign_106b4aadbf46d218,INDEPENDENT_PROPOSALS
sign_8ef0d9d0be401310,JOINT_ALIGNED
sign_791773de2283fb41,SEPARATION_OFFSET
sign_b37b52582ee4972b,JOINT_OFFSET
sign_27f805680d7c0602,SEPARATION_ALIGNED
sign_6765b5411825ffd0,SEPARATION_ALIGNED
sign_84f2206159dd8495,INDEPENDENT_PROPOSALS
sign_100c14e9551a4545,INDEPENDENT_PROPOSALS
sign_d124b5d4acdbda51,JOINT_ALIGNED
sign_f4f72384bb26973a,INDEPENDENT_PROPOSALS
sign_13f5e74ca51538f8,INDEPENDENT_PROPOSALS
sign_41bd33da56b16944,SEPARATION_OFFSET
sign_2027e8f70e8e5a1d,JOINT_OFFSET
sign_86b2cd3713a85252,INDEPENDENT_PROPOSALS
sign_6981ecd1efb22dab,INDEPENDENT_PROPOSALS
sign_8a2b6de2100aa4b8,INDEPENDENT_PROPOSALS
sign_4870fe7ecb1e2c0a,SEPARATION_OFFSET
sign_948a70e8a3f96f8e,JOINT_OFFSET
sign_cf0b0386b3437a35,SEPARATION_ALIGNED
sign_7907d52b50cffcf8,SEPARATION_ALIGNED
sign_6001a2d31b520d53,JOINT_OFFSET
sign_4d6681f0bd54b863,SEPARATION_ALIGNED
sign_c54bbe211a977785,JOINT_ALIGNED
sign_62e42248dd0ea26f,SEPARATION_ALIGNED
sign_2c67f54153343741,JOINT_OFFSET
sign_960beceab515f12d,INDEPENDENT_PROPOSALS
sign_f95ca154ad90c80f,INDEPENDENT_PROPOSALS
sign_090c4cb39e9fb13a,SEPARATION_OFFSET
sign_5bbe86b712d79f14,INDEPENDENT_PROPOSALS
sign_ae22b1ff2f85770c,SEPARATION_OFFSET
sign_a186cd08c859278e,SEPARATION_OFFSET
sign_18f61ba6ff446a39,SEPARATION_OFFSET
sign_80c56c065e68fb53,JOINT_OFFSET
sign_3374bd8193f9b3fe,INDEPENDENT_PROPOSALS
sign_98950adbf367a538,JOINT_ALIGNED
sign_5ea6e760f55dd64a,SEPARATION_ALIGNED
sign_d05ae00f9a9287fe,SEPARATION_OFFSET
sign_45eb57da743da417,JOINT_OFFSET
sign_c9176d1a148293fa,JOINT_ALIGNED
sign_eb7b117f16edcc80,SEPARATION_ALIGNED
sign_6533d0f3208ff877,JOINT_OFFSET
sign_202d3464e0d19035,INDEPENDENT_PROPOSALS
sign_9404d74959dd1e9e,JOINT_OFFSET
sign_d8640cca09b67928,JOINT_ALIGNED
sign_d61bd7d959ad88e9,JOINT_ALIGNED
sign_032826b1575e104c,INDEPENDENT_PROPOSALS
sign_3b809f8a9e7a0760,JOINT_OFFSET
sign_9fa51eba322e1296,JOINT_ALIGNED
sign_a7cc5e986aa88257,JOINT_ALIGNED
sign_d0be918c8e5425c6,INDEPENDENT_PROPOSALS
sign_a32b3245cccc4ceb,SEPARATION_OFFSET
sign_a5850bb68bb88e7a,JOINT_ALIGNED
sign_5f848ae458c5005b,SEPARATION_OFFSET
sign_b78a9c8250a1b69a,JOINT_OFFSET
sign_9c528b552f571262,JOINT_OFFSET
sign_7237a8c5d6d75188,INDEPENDENT_PROPOSALS
sign_9df0b6607b9e2730,JOINT_OFFSET
sign_4fc7091103215589,JOINT_ALIGNED
sign_b45c8b96e680c054,INDEPENDENT_PROPOSALS
sign_befa2fc2dcb6cac3,JOINT_ALIGNED
sign_b0f5b9566c81074b,JOINT_OFFSET
sign_c21ac7ccae62a8f3,JOINT_OFFSET
sign_2d5bf3de92a5011a,SEPARATION_ALIGNED
sign_8f472ec76076d428,INDEPENDENT_PROPOSALS
sign_745c8c30398c2ff7,INDEPENDENT_PROPOSALS
sign_5fd0c988a1ae4c5b,SEPARATION_ALIGNED
sign_9ab9ecc7cfc6b540,INDEPENDENT_PROPOSALS
sign_c3c8086bf8bd01cd,JOINT_OFFSET
sign_6d00c66323aee77a,SEPARATION_OFFSET
sign_7a037cca9e38023b,JOINT_OFFSET
sign_a07ee4dc7588b507,SEPARATION_ALIGNED
sign_57ea1c4242e1fd60,INDEPENDENT_PROPOSALS
sign_ac33c41d544c9d71,JOINT_ALIGNED
sign_9aedd6d114578922,INDEPENDENT_PROPOSALS
sign_845783ed252a1f96,SEPARATION_OFFSET
sign_f26faab6dfeb6db6,INDEPENDENT_PROPOSALS
sign_2b961c3ee107665e,JOINT_OFFSET
sign_ba9728b76e5e4c7b,JOINT_OFFSET
sign_8d66fe7905e4d5ff,SEPARATION_ALIGNED
sign_550781a2a7f51985,SEPARATION_OFFSET
sign_6b19b039962a8c47,INDEPENDENT_PROPOSALS
sign_1db92de8075b72b1,JOINT_OFFSET
sign_abf436a29dc527c2,INDEPENDENT_PROPOSALS
sign_cf6a9e5a00f269c0,INDEPENDENT_PROPOSALS
sign_acf9ca051b073616,JOINT_OFFSET
sign_808a39faeda6ea74,SEPARATION_ALIGNED
sign_2c4174defd561608,JOINT_ALIGNED
sign_34fd20955dcad4fc,INDEPENDENT_PROPOSALS
sign_b3e72876a49315a2,INDEPENDENT_PROPOSALS
sign_29462c0b1452ae85,SEPARATION_ALIGNED
sign_708c5cddb0fc4a0d,JOINT_OFFSET
sign_a8e2ff19712d9e7b,INDEPENDENT_PROPOSALS
sign_339344189e289d46,INDEPENDENT_PROPOSALS
sign_ef1e43660654b7d8,INDEPENDENT_PROPOSALS
sign_cf4cc66dfc9e915c,SEPARATION_OFFSET
sign_07b651c1e0f0be02,JOINT_ALIGNED
sign_0a49e290e6f5eb47,INDEPENDENT_PROPOSALS
sign_08c8ef1bdf301eb9,SEPARATION_ALIGNED
sign_4ee5f995d0bd6e46,INDEPENDENT_PROPOSALS
sign_42f93f365901a0db,INDEPENDENT_PROPOSALS
sign_fa0be3781d980cc5,JOINT_OFFSET
sign_88ae1646a0917fba,INDEPENDENT_PROPOSALS
sign_77acdff4d9a92929,INDEPENDENT_PROPOSALS
sign_b4984f976ac5793a,INDEPENDENT_PROPOSALS
sign_06f5fb48f87e68a1,SEPARATION_OFFSET
sign_123973b5c3e4baea,SEPARATION_ALIGNED
sign_b5980f26a2df9168,SEPARATION_OFFSET
sign_202acb572f483d1a,INDEPENDENT_PROPOSALS
sign_2386caf1970a14f0,JOINT_OFFSET
sign_a8d5f348ba8df98c,SEPARATION_OFFSET
sign_2b75a07958b645a1,INDEPENDENT_PROPOSALS
sign_000a05f207abb40d,INDEPENDENT_PROPOSALS
sign_88b4fa2028882aeb,INDEPENDENT_PROPOSALS
sign_d5078a054705a870,JOINT_ALIGNED
sign_6a1558a3ad341c78,SEPARATION_OFFSET
sign_8646430fd300e560,SEPARATION_OFFSET
sign_ace678094496ded5,SEPARATION_ALIGNED
sign_04c6607dff9c767c,JOINT_ALIGNED
sign_2d222efdcebaed43,SEPARATION_ALIGNED
sign_aa79962719bbe66e,JOINT_OFFSET
sign_fa4c65df75658968,SEPARATION_ALIGNED
sign_f0435fab2ba87855,JOINT_ALIGNED
sign_0b1e085cd9f0f9e3,SEPARATION_ALIGNED
sign_0ccfbe9786ad9215,INDEPENDENT_PROPOSALS
sign_59850fd936a89698,SEPARATION_ALIGNED
sign_17219bdf0bcb4ccc,SEPARATION_OFFSET
sign_07213a7b2a0bf95b,JOINT_ALIGNED
sign_d58987bfac2bf1a9,INDEPENDENT_PROPOSALS
sign_10db32f49f330a38,JOINT_OFFSET
sign_80e6f32d26e7a0db,INDEPENDENT_PROPOSALS
sign_53eccb132a687f6f,SEPARATION_OFFSET
sign_09f59ef1649b3d39,JOINT_OFFSET
sign_ee1ff9f3d252895f,JOINT_ALIGNED
sign_19a1c4091a1bcbd9,SEPARATION_OFFSET
sign_c067a03e162091ef,JOINT_OFFSET
sign_f725b4cdaedef602,JOINT_OFFSET
sign_4ff274da452dd413,JOINT_ALIGNED
sign_d9d78edd292f3eb2,INDEPENDENT_PROPOSALS
sign_3c508b291233dd33,INDEPENDENT_PROPOSALS
sign_81e1d252198362dc,INDEPENDENT_PROPOSALS
sign_1279151ae3d13ee5,SEPARATION_OFFSET
sign_ffb7d02b90e9266e,JOINT_ALIGNED
sign_2973982301d77062,INDEPENDENT_PROPOSALS
sign_06a54421c8f18320,JOINT_ALIGNED
sign_304417ee28698df5,SEPARATION_OFFSET
sign_cfb8878058ed88db,INDEPENDENT_PROPOSALS
sign_eaf0410488fd327c,INDEPENDENT_PROPOSALS
sign_217d8a830259767b,INDEPENDENT_PROPOSALS
sign_fe1f5d1217180573,SEPARATION_OFFSET
sign_abcb68200576e355,SEPARATION_ALIGNED
