id,edits_json
00032e8ce4f2,[]
0016cb183d9a,[]
010dc0a95608,"[{""start"": 10, ""end"": 13, ""replacement"": ""uyè/uyhhy""}, {""start"": 164, ""end"": 167, ""replacement"": ""uyh/uyhhl""}, {""start"": 254, ""end"": 257, ""replacement"": ""è xgﬃﬃyqqè""}]"
01337ecc22dc,[]
016e4de0c6bb,"[{""start"": 16, ""end"": 25, ""replacement"": ""xqﬀuyaqyxxy,""}, {""start"": 45, ""end"": 56, ""replacement"": ""kètyktlqgky""}]"
02d00bc225bd,"[{""start"": 28, ""end"": 39, ""replacement"": ""yjlalqè ulh/ulhhl""}]"
039ea303d331,"[{""start"": 224, ""end"": 243, ""replacement"": ""ljjyxxè/y è/hy tlauèulqè""}]"
03ef2b696bb0,"[{""start"": 16, ""end"": 47, ""replacement"": ""Nwﬂxàxvkudkxbé pwéu Nwﬂxàxvkudkxbéxà Cxkdueéxkéu pwéu Cxkdueéxkéuxà""}, {""start"": 157, ""end"": 161, ""replacement"": ""éxàéà""}]"
04743381f3da,"[{""start"": 3, ""end"": 15, ""replacement"": ""Uh/Ml Rèkyqqgky/uèkyqqkèty""}]"
04942e19e55a,"[{""start"": 11, ""end"": 32, ""replacement"": ""Déu/Dxé Eédueéxkéu pwéu Eédueéxkéuxà""}, {""start"": 58, ""end"": 72, ""replacement"": ""Iàspuﬂdkxpà*xààéà,""}, {""start"": 86, ""end"": 96, ""replacement"": ""Nevxßˮk*xààéà,""}, {""start"": 222, ""end"": 237, ""replacement"": ""wxé""}, {""start"": 299, ""end"": 306, ""replacement"": ""Duxkk*xààéà""}, {""start"": 377, ""end"": 391, ""replacement"": ""Iàspuﬂdkxpà*xààéà,""}, {""start"": 396, ""end"": 403, ""replacement"": ""wéu pwéu wxé""}]"
04b1b1eace2d,"[{""start"": 202, ""end"": 214, ""replacement"": ""Uh/Ml Rèkyqqgky/uèkyqqkèty""}]"
053e2a96727d,[]
056489647f2e,"[{""start"": 118, ""end"": 131, ""replacement"": ""ﬀaèzykxèqlkèl/g""}, {""start"": 217, ""end"": 243, ""replacement"": ""xgzkèaqyauy lﬃhè èauèkèééè""}]"
05d5bca1201a,"[{""start"": 179, ""end"": 189, ""replacement"": ""Eh/Ehhl Qyqqgky/Qyqqkèty""}]"
0633b45feee6,[]
063d06d08b2a,[]
068b04dafefd,"[{""start"": 47, ""end"": 66, ""replacement"": ""wév""}, {""start"": 126, ""end"": 136, ""replacement"": ""üxßˮkxz*xààéà,""}, {""start"": 147, ""end"": 192, ""replacement"": ""Jdàwxwdkxà""}, {""start"": 225, ""end"": 253, ""replacement"": ""Eékuéäéu""}]"
07322ad7cbdc,[]
0861c34dc297,"[{""start"": 15, ""end"": 16, ""replacement"": ""Métkpuxà äàw""}, {""start"": 91, ""end"": 92, ""replacement"": ""Métkpuxà äàw""}, {""start"": 101, ""end"": 110, ""replacement"": ""C.WYV.591""}, {""start"": 158, ""end"": 159, ""replacement"": ""Métkpuxà äàw""}, {""start"": 168, ""end"": 177, ""replacement"": ""C.WYV.599""}, {""start"": 226, ""end"": 227, ""replacement"": ""Métkpuxà äàw""}]"
095d6bc4d7b5,"[{""start"": 80, ""end"": 92, ""replacement"": ""Uh/Ml Rèkyqqgky/uèkyqqkèty""}, {""start"": 116, ""end"": 119, ""replacement"": ""ﬀal""}, {""start"": 253, ""end"": 256, ""replacement"": ""uyh/uyhhl""}]"
0a2e5395531b,"[{""start"": 326, ""end"": 338, ""replacement"": ""èauèzèuﬀlql/g,""}]"
0a715071afed,"[{""start"": 5, ""end"": 17, ""replacement"": ""éx*xààéà Eékuéäéu""}, {""start"": 192, ""end"": 201, ""replacement"": ""eézuöàwék""}]"
0aa3e8c67570,[]
0acd142d4116,"[{""start"": 272, ""end"": 273, ""replacement"": ""è/hy""}]"
0afb7bd3401d,"[{""start"": 107, ""end"": 116, ""replacement"": ""Üéukuékéu""}, {""start"": 172, ""end"": 187, ""replacement"": ""Wpßˮvßˮäyyéˮuéu""}, {""start"": 244, ""end"": 255, ""replacement"": ""Cxkdueéxkéu*xà""}]"
0afcfab4efb2,"[{""start"": 109, ""end"": 119, ""replacement"": ""dflq""}]"
0beffdf3c01d,"[{""start"": 45, ""end"": 66, ""replacement"": ""03.75.0733 \nÖupsévvpu""}, {""start"": 81, ""end"": 117, ""replacement"": ""Wpuvk Wxââyéu \nÖupsévvpu Du.Yeéuˮduw""}, {""start"": 126, ""end"": 137, ""replacement"": ""(Öuèvxwéàk)""}]"
0c5356565d81,[]
0cb8bb45388f,[]
0cd145c52b91,"[{""start"": 126, ""end"": 133, ""replacement"": ""xèaﬃghè/My""}, {""start"": 177, ""end"": 189, ""replacement"": ""ﬀaèzykxèqlkè/y""}, {""start"": 226, ""end"": 238, ""replacement"": ""uyè/uyhhy tìy ìlaag tgaxyﬃﬀèqg hl hlﬀkyl""}]"
0cd1fcb4eed2,"[{""start"": 181, ""end"": 205, ""replacement"": ""Qudzévkéyyäàz eédueéxkék""}, {""start"": 281, ""end"": 294, ""replacement"": ""Öuèvéàkdkxp*xààéà,""}]"
0d0e2ec25c2a,"[{""start"": 18, ""end"": 39, ""replacement"": ""zéüèˮykéu Cxkdueéxkéu*xà""}]"
0d1e315f36fa,"[{""start"": 79, ""end"": 88, ""replacement"": ""hg/hl xqyxxg/l""}]"
0d3489748a2d,[]
0d88fe564aa7,[]
0ee63f05b84b,"[{""start"": 49, ""end"": 51, ""replacement"": ""ﬀa/ﬀal""}, {""start"": 98, ""end"": 111, ""replacement"": ""ﬀal/ﬀa Èkgdyxxgky/Èkgdyxxgkyxxl""}, {""start"": 132, ""end"": 133, ""replacement"": ""U/My""}]"
1079e2c89e74,[]
10d28a20a060,"[{""start"": 49, ""end"": 75, ""replacement"": ""Péxkéàw*xààéà Oxvvéàvßˮdskyéu*xààéà""}]"
10fe73f4ac04,"[{""start"": 114, ""end"": 138, ""replacement"": ""Wdävdueéxk*xààéà, Méséudk*xààéà,""}, {""start"": 178, ""end"": 190, ""replacement"": ""Dxvtävvxpà*xààéà""}, {""start"": 362, ""end"": 379, ""replacement"": ""éxàév/éxàéu Qdßˮzéexékv""}]"
1158fe47ed15,"[{""start"": 71, ""end"": 79, ""replacement"": ""ﬁgxxyxxl/g""}, {""start"": 299, ""end"": 301, ""replacement"": ""èh/hl""}]"
12e2d753631b,[]
13248423ac98,"[{""start"": 56, ""end"": 67, ""replacement"": ""Cxkdueéxkéu*xà""}]"
13a59d266955,"[{""start"": 22, ""end"": 52, ""replacement"": ""37) Déu/Dxé Eédueéxkéu pwéu Eédueéxkéuxà üxuw""}, {""start"": 227, ""end"": 236, ""replacement"": ""béuüéuk*xààéà""}, {""start"": 261, ""end"": 287, ""replacement"": ""Déu/Dxé Eédueéxkéu pwéu Eédueéxkéuxà üxuw""}, {""start"": 308, ""end"": 322, ""replacement"": ""Iàspuﬂdkxpà*xààéà,""}, {""start"": 336, ""end"": 346, ""replacement"": ""Nevxßˮk*xààéà,""}]"
13be19698415,[]
143742f526bd,"[{""start"": 46, ""end"": 57, ""replacement"": ""Cxkdueéxkéu*xà""}, {""start"": 119, ""end"": 134, ""replacement"": ""éxàzévßˮuxéeéàé""}, {""start"": 196, ""end"": 207, ""replacement"": ""Cxkdueéxkéu*xà""}]"
143986fe12e2,"[{""start"": 81, ""end"": 91, ""replacement"": ""dfluv""}]"
14c538988835,[]
154a4ca97879,"[{""start"": 98, ""end"": 107, ""replacement"": ""dflj""}]"
15b3bb17d215,"[{""start"": 118, ""end"": 121, ""replacement"": ""fuq""}, {""start"": 255, ""end"": 264, ""replacement"": ""dflj""}]"
15b415dc7fc8,[]
16c0cb93e395,[]
173fc1af89fb,[]
19599275bd57,[]
19edefcfbe75,"[{""start"": 339, ""end"": 348, ""replacement"": ""Rèkyqqgky/uèkyqqkèty""}]"
1a427e1cdb56,"[{""start"": 20, ""end"": 30, ""replacement"": ""ul gﬃaè""}, {""start"": 188, ""end"": 198, ""replacement"": ""ul gﬃaè""}, {""start"": 321, ""end"": 329, ""replacement"": ""Qyqqkèty""}, {""start"": 332, ""end"": 339, ""replacement"": ""Qyqqgky/Qyqqkèty""}]"
1bf42d6c36ab,"[{""start"": 275, ""end"": 290, ""replacement"": ""uè xqﬀuyaqè y xqﬀuyaqyxxy;""}]"
1c9e81123b51,"[{""start"": 207, ""end"": 218, ""replacement"": ""bxéyvéxkxzé""}, {""start"": 371, ""end"": 387, ""replacement"": ""Üéuâsyxßˮkäàz*xààéà,""}]"
1d5a599b8abc,"[{""start"": 184, ""end"": 191, ""replacement"": ""dfluv""}]"
1d5d8939b2d5,[]
1e1633a4855b,[]
1f54a074a44c,"[{""start"": 218, ""end"": 220, ""replacement"": ""dflj,""}]"
205e06ec9844,"[{""start"": 233, ""end"": 240, ""replacement"": ""tghhyﬃè""}]"
20d22bf1d648,"[{""start"": 0, ""end"": 8, ""replacement"": ""èxtkèqqè/y""}, {""start"": 277, ""end"": 295, ""replacement"": ""ugtyaqè- tgkﬁg xqﬀuyaqyxtg;""}]"
20f60598e724,[]
210d61b94779,"[{""start"": 134, ""end"": 187, ""replacement"": ""Déu/Dxé Eédueéxkéux*xààéà éutyèuk véxà Yxàbéuvkèàwàxv,""}, {""start"": 193, ""end"": 201, ""replacement"": ""véxà""}, {""start"": 270, ""end"": 280, ""replacement"": ""Iàvkxkäkév""}, {""start"": 299, ""end"": 324, ""replacement"": ""39) Déu/Dxé Eédueéxkéu pwéu Eédueéxkéuxà""}]"
21e34be20245,"[{""start"": 61, ""end"": 85, ""replacement"": ""èh/hl tghhlsgklqgky/tghhlsgklqkèty yxqykag/l""}]"
22272e8ad4bf,"[{""start"": 94, ""end"": 140, ""replacement"": ""Gkéyyéàxàˮdeéuxà/wéﬂ Gkéyyéàxàˮdeéu üxuw wdˮéu""}, {""start"": 237, ""end"": 240, ""replacement"": ""Syﬂ""}, {""start"": 291, ""end"": 302, ""replacement"": ""Yoßéyyéàßé,""}, {""start"": 318, ""end"": 321, ""replacement"": ""051""}, {""start"": 358, ""end"": 367, ""replacement"": ""zéâydàk*xààéà""}]"
22d0acd5ba12,"[{""start"": 72, ""end"": 83, ""replacement"": ""éuüéxkéuk*xààéà""}, {""start"": 114, ""end"": 128, ""replacement"": ""éxà*xààéà Gâuéßˮéu""}, {""start"": 172, ""end"": 184, ""replacement"": ""Déu/wxé Gâuéßˮéu""}, {""start"": 200, ""end"": 216, ""replacement"": ""üdˮyeéuéßˮkxzk*xààéà""}]"
233dca7bfbeb,"[{""start"": 100, ""end"": 114, ""replacement"": ""Yuvkeékuéäéux*xààéà""}, {""start"": 124, ""end"": 136, ""replacement"": ""Yuvkeékuéäéu""}, {""start"": 147, ""end"": 162, ""replacement"": ""Xüéxkeékuéäéux*xààéà""}, {""start"": 172, ""end"": 185, ""replacement"": ""Xüéxkeékuéäéu""}, {""start"": 190, ""end"": 204, ""replacement"": ""Väkdßˮkéuxàà*xààéà""}, {""start"": 244, ""end"": 255, ""replacement"": ""Väkdßˮkéux*xààéà""}, {""start"": 260, ""end"": 283, ""replacement"": ""aéwéu Eézäkdßˮkéàwé béuzxek""}]"
2545a0b0e392,[]
26f7468d187b,"[{""start"": 102, ""end"": 124, ""replacement"": ""wéu pwéu wxé Eédueéxkéu pwéu Eédueéxkéuxà,""}, {""start"": 251, ""end"": 260, ""replacement"": ""Yusxàwäàz""}, {""start"": 340, ""end"": 361, ""replacement"": ""wéﬂ/wéu Eédueéxkéu pwéu Eédueéxkéuxà""}]"
2711697a9736,[]
272ab201ad98,[]
275cc22e5344,[]
2770360cb82d,[]
27d108f20f01,"[{""start"": 0, ""end"": 11, ""replacement"": ""Eékuéäéu ""}, {""start"": 54, ""end"": 64, ""replacement"": ""Eékuéäéux*xààéà""}, {""start"": 180, ""end"": 190, ""replacement"": ""Eékuéäéux*xààéà""}, {""start"": 216, ""end"": 220, ""replacement"": ""üxuw""}, {""start"": 226, ""end"": 254, ""replacement"": ""Eékuéäéu""}]"
27e2dd53f653,"[{""start"": 70, ""end"": 86, ""replacement"": ""Öudoxvexywàéu pwéu Öudoxvexywàéuxà""}]"
2895138eeb94,"[{""start"": 114, ""end"": 122, ""replacement"": ""Qyzèxgkè/y""}, {""start"": 288, ""end"": 289, ""replacement"": ""è/hy""}, {""start"": 319, ""end"": 320, ""replacement"": ""è/hy""}]"
28ce60b94686,"[{""start"": 41, ""end"": 57, ""replacement"": ""ﬁyk è xgﬃﬃyqqè tgkﬁg xqﬀuyaqyxtg""}]"
297f53267ad2,"[{""start"": 182, ""end"": 216, ""replacement"": ""Oxvvéàvßˮdskyxßˮé/u Cxkdueéxkéu/x*xààéà""}, {""start"": 233, ""end"": 249, ""replacement"": ""Eékpàkéßˮàpypzxé""}, {""start"": 312, ""end"": 328, ""replacement"": ""Eékpàkéßˮàpypzxé""}]"
29da142388f0,"[{""start"": 184, ""end"": 195, ""replacement"": ""kètyktlqgky""}, {""start"": 217, ""end"": 228, ""replacement"": ""kètyktlqgky""}]"
29fa7927bc7f,"[{""start"": 16, ""end"": 30, ""replacement"": ""xgal/g uyxèﬃalqè/y""}, {""start"": 239, ""end"": 247, ""replacement"": ""Qyzèxgkè/y""}]"
2a03f547f89e,"[{""start"": 100, ""end"": 109, ""replacement"": ""Rèkyqqgky/uèkyqqkèty""}, {""start"": 169, ""end"": 172, ""replacement"": ""uyh/uyhhl""}, {""start"": 239, ""end"": 244, ""replacement"": ""qykéy ﬁykxgay""}]"
2abc7324c361,[]
2ac25d0fef0f,"[{""start"": 251, ""end"": 254, ""replacement"": ""uyè/uyhhy""}]"
2ad993f12858,"[{""start"": 187, ""end"": 213, ""replacement"": ""Péxkéàw*xààéà Oxvvéàvßˮdskyéu*xààéà""}]"
2b50b576de69,[]
2c1682deb987,"[{""start"": 103, ""end"": 117, ""replacement"": ""ulè/ulhhy tlauèulqè.""}, {""start"": 308, ""end"": 320, ""replacement"": ""èh/hl kèxﬀhqlql/g""}]"
2caf6a13cee2,[]
2cfd14373e1e,"[{""start"": 30, ""end"": 31, ""replacement"": ""è/hy""}]"
2d563d2d6c05,"[{""start"": 147, ""end"": 157, ""replacement"": ""Uh/Ml Qyqqgky/Qyqqkèty""}]"
2e6c6b47e9cc,[]
2e7739efd2d2,[]
2f5db104a1bc,"[{""start"": 61, ""end"": 64, ""replacement"": ""uyh/uyhhl""}]"
2f927c121f08,"[{""start"": 84, ""end"": 89, ""replacement"": ""qykéy ﬁykxgay""}]"
2fa5d9dd140b,[]
308ad2aaa628,"[{""start"": 20, ""end"": 29, ""replacement"": ""wxzxkdy),""}, {""start"": 35, ""end"": 52, ""replacement"": ""wéu pwéu wxé Öuöséu pwéu Öuöséuxà""}, {""start"": 80, ""end"": 101, ""replacement"": ""wéﬂ/wéu Eédueéxkéu pwéu Eédueéxkéuxà""}, {""start"": 176, ""end"": 197, ""replacement"": ""wéu pwéu wxé Eédueéxkéu pwéu Eédueéxkéuxà""}, {""start"": 204, ""end"": 221, ""replacement"": ""wéﬂ/wéu Öuöséu pwéu Öuöséuxà""}, {""start"": 259, ""end"": 283, ""replacement"": ""2) Déu/Dxé Eédueéxkéu pwéu Eédueéxkéuxà""}]"
3093abf44ebd,[]
30fb3dc7dbdc,"[{""start"": 233, ""end"": 236, ""replacement"": ""69%""}]"
3255b5cce29c,"[{""start"": 5, ""end"": 21, ""replacement"": ""xgzkèaqyauy lﬃhè""}]"
328665ecdd1a,[]
32b57959ac4f,[]
336ffae692d8,"[{""start"": 148, ""end"": 158, ""replacement"": ""Cxküxutäàz""}]"
3393903f1e30,[]
33db65695d96,[]
34bea5610810,[]
34d847c39f74,"[{""start"": 74, ""end"": 83, ""replacement"": ""eézpàà*xààéà,""}, {""start"": 131, ""end"": 140, ""replacement"": ""Öuöséu pwéu Öuöséuxà""}, {""start"": 206, ""end"": 238, ""replacement"": ""Gkäkkzduk.\nDéu/Dxé Eédueéxkéu pwéu Eédueéxkéuxà""}, {""start"": 314, ""end"": 362, ""replacement"": ""1) Déu/Dxé Öuöséu pwéu Öuöséuxà kéxyk wéﬂ/wéu Eédueéxkéu pwéu Eédueéxkéuxà""}]"
355c6b955d20,"[{""start"": 75, ""end"": 123, ""replacement"": ""1) Déu/Dxé Öuöséu pwéu Öuöséuxà kéxyk wéﬂ/wéu Eédueéxkéu pwéu Eédueéxkéuxà""}]"
3568c15994eb,[]
35936c578a52,"[{""start"": 65, ""end"": 77, ""replacement"": ""xgqqgxtkèqqg/l""}, {""start"": 256, ""end"": 259, ""replacement"": ""uyh/uyhhl""}, {""start"": 333, ""end"": 338, ""replacement"": ""ﬁlkqy""}]"
35954482eab4,"[{""start"": 73, ""end"": 82, ""replacement"": ""xqﬀuyaqè;""}, {""start"": 131, ""end"": 134, ""replacement"": ""ulè/ulhhy""}, {""start"": 196, ""end"": 207, ""replacement"": ""xtèyaqèdètg/l""}, {""start"": 224, ""end"": 227, ""replacement"": ""uyè/uyhhy""}]"
365167093a2f,"[{""start"": 96, ""end"": 98, ""replacement"": ""èh/hl""}, {""start"": 298, ""end"": 322, ""replacement"": ""èh/hl tghhlsgklqgky/tghhlsgklqkèty yxqykag/l""}]"
36cd15981939,"[{""start"": 183, ""end"": 193, ""replacement"": ""dfluv""}]"
376647398c5f,"[{""start"": 61, ""end"": 62, ""replacement"": ""è/hy""}, {""start"": 142, ""end"": 151, ""replacement"": ""Rèkyqqgkè/y""}]"
37cd7be4f4f4,"[{""start"": 128, ""end"": 129, ""replacement"": ""è/hy""}, {""start"": 221, ""end"": 226, ""replacement"": ""qykéy ﬁykxgay""}]"
3993ba2a633b,"[{""start"": 0, ""end"": 10, ""replacement"": ""dfluv""}, {""start"": 105, ""end"": 115, ""replacement"": ""dfluv""}, {""start"": 257, ""end"": 267, ""replacement"": ""dfluv""}]"
3a5daf59737e,[]
3b6b4fb45dd1,"[{""start"": 32, ""end"": 43, ""replacement"": ""Cxkdueéxkéu*xà""}, {""start"": 83, ""end"": 92, ""replacement"": ""Üéukuékéu""}, {""start"": 128, ""end"": 161, ""replacement"": ""söàsféˮ*xààéà Péxkéàwé Oxvvéàvßˮdskyéu""}, {""start"": 233, ""end"": 244, ""replacement"": ""Cxkdueéxkéu*xà""}]"
3c106623baef,[]
3c53eedc5f8e,"[{""start"": 224, ""end"": 237, ""replacement"": ""uyh/uyhhl tlauèulqg/l""}]"
3c98fe0f85c2,"[{""start"": 209, ""end"": 222, ""replacement"": ""ﬀaèzykxèqlkèl/g""}]"
3cfea81d9932,"[{""start"": 18, ""end"": 42, ""replacement"": ""2) Déu/Dxé Eédueéxkéu pwéu Eédueéxkéuxà""}, {""start"": 68, ""end"": 80, ""replacement"": ""véxàéu/xˮuéu""}, {""start"": 143, ""end"": 178, ""replacement"": ""àxßˮk-dävvßˮyxéíyxßˮév, tpvkéàypvév""}, {""start"": 183, ""end"": 199, ""replacement"": ""äàüxwéuuäsyxßˮév""}, {""start"": 368, ""end"": 381, ""replacement"": ""Ääkfäàzvduk*xààéà""}]"
3d1cc731d59d,[]
3e835fd5cdfb,"[{""start"": 97, ""end"": 106, ""replacement"": ""yfl nv dflj,""}]"
3e86c514f229,"[{""start"": 125, ""end"": 135, ""replacement"": ""ul qﬀqqè è/hy""}, {""start"": 231, ""end"": 244, ""replacement"": ""è/hy kètyktlqgkè/kètyktlqkètè""}, {""start"": 275, ""end"": 287, ""replacement"": ""èaxyﬃaljyaqg”""}]"
3f0cbb010caa,[]
4033dc3e959a,"[{""start"": 142, ""end"": 147, ""replacement"": ""éxàév/éxàéu""}]"
40c1db97b5fa,"[{""start"": 231, ""end"": 254, ""replacement"": ""Ödudyyéybéudàvkdykäàz*xààéà""}]"
40e6703fdd4b,[]
410dbd05b76c,"[{""start"": 236, ""end"": 246, ""replacement"": ""dfluv""}]"
4150f4d5333d,"[{""start"": 8, ""end"": 18, ""replacement"": ""dfluv""}]"
419135e0ce04,"[{""start"": 86, ""end"": 102, ""replacement"": ""Üéuâsyxßˮkäàz*xààéà,""}]"
41b753288537,[]
426080ce1ab7,[]
42936208cceb,"[{""start"": 225, ""end"": 236, ""replacement"": ""uyh/uyhhl Qyqqgky/Qyqqkèty""}, {""start"": 281, ""end"": 288, ""replacement"": ""ugtyaqy, xqﬀuyaqè""}, {""start"": 291, ""end"": 302, ""replacement"": ""kètyktlqgky""}]"
4342be7178e3,[]
438338d32153,[]
439dbded453f,[]
4424cd5302e0,"[{""start"": 18, ""end"": 21, ""replacement"": ""uyh/uyhhl""}, {""start"": 153, ""end"": 155, ""replacement"": ""ﬀa/ﬀal""}, {""start"": 181, ""end"": 188, ""replacement"": ""ugtyaqy, xqﬀuyaqè""}, {""start"": 221, ""end"": 232, ""replacement"": ""kètyktlqgky""}, {""start"": 271, ""end"": 282, ""replacement"": ""kètyktlqgky""}]"
44b1271ebd8d,"[{""start"": 187, ""end"": 215, ""replacement"": ""èh/hl tghhlsgklqgky/tghhlsgklqkèty èauèzèuﬀlqg/l""}]"
45dc8d1a7708,"[{""start"": 140, ""end"": 151, ""replacement"": ""Dduvkéyyäàz""}, {""start"": 184, ""end"": 192, ""replacement"": ""Öupeyéﬂv""}]"
47b7d1baf1db,"[{""start"": 14, ""end"": 31, ""replacement"": ""g  tgkﬁg xqﬀuyaqyxtg,""}]"
47d50e2daa59,[]
47dc2977571c,"[{""start"": 254, ""end"": 257, ""replacement"": ""uyè/uyhhy""}, {""start"": 289, ""end"": 296, ""replacement"": ""tgjﬁyqyaqè""}]"
480e8827c72a,[]
4c36a956eab7,[]
4ccec770bebc,"[{""start"": 87, ""end"": 88, ""replacement"": ""è/hy""}, {""start"": 127, ""end"": 139, ""replacement"": ""Uh/Ml Rèkyqqgky/uèkyqqkèty""}, {""start"": 275, ""end"": 287, ""replacement"": ""Uh/Ml Rèkyqqgky/uèkyqqkèty""}]"
4d438d61be0f,[]
4e7a162716e7,[]
4ee78eb02028,"[{""start"": 30, ""end"": 40, ""replacement"": ""dfluv""}, {""start"": 222, ""end"": 232, ""replacement"": ""dfluv""}]"
4fb292f140d1,"[{""start"": 74, ""end"": 75, ""replacement"": ""Métkpuxà äàw""}, {""start"": 80, ""end"": 88, ""replacement"": ""Jdàfyéu,""}, {""start"": 229, ""end"": 240, ""replacement"": ""<Üpuàdﬂé(*xààéà)""}, {""start"": 346, ""end"": 356, ""replacement"": ""Eédueéxkéu""}]"
5026e874c83f,[]
506523d6f1ef,"[{""start"": 39, ""end"": 49, ""replacement"": ""dfluv""}, {""start"": 187, ""end"": 197, ""replacement"": ""dfluv""}]"
50981f49b0c1,"[{""start"": 8, ""end"": 20, ""replacement"": ""ugtyaqè""}, {""start"": 93, ""end"": 102, ""replacement"": ""uyxèﬃal è/hy""}, {""start"": 123, ""end"": 133, ""replacement"": ""Uh/Ml Qyqqgky/Qyqqkèty""}, {""start"": 159, ""end"": 160, ""replacement"": ""è/hy""}]"
50c0cacbea9a,[]
51b73daa0661,[]
51d9249f3ed9,[]
52352de32c71,"[{""start"": 49, ""end"": 68, ""replacement"": ""__ h __ xgqqgxtkèqq""}, {""start"": 142, ""end"": 144, ""replacement"": ""__""}]"
5292cd46040b,[]
52ca4a7e0039,"[{""start"": 179, ""end"": 188, ""replacement"": ""Rèkyqqgky/uèkyqqkèty""}, {""start"": 191, ""end"": 202, ""replacement"": ""Rèkyqqkèty.""}, {""start"": 207, ""end"": 219, ""replacement"": ""Uh/Ml Rèkyqqgky/uèkyqqkèty""}]"
533e77e21547,[]
5347b366f8e3,[]
537dd7561e96,"[{""start"": 0, ""end"": 20, ""replacement"": ""EM/EMME AELSUKUJB/E QTÀÀBQT/QTÀÀQUJT""}, {""start"": 134, ""end"": 135, ""replacement"": ""_""}, {""start"": 214, ""end"": 222, ""replacement"": ""ÈQBH. __""}]"
557c182c089e,"[{""start"": 27, ""end"": 35, ""replacement"": ""Cxkzyxéwéu""}, {""start"": 66, ""end"": 74, ""replacement"": ""Cxkzyxéwéu""}, {""start"": 115, ""end"": 123, ""replacement"": ""Cxkzyxéwéu""}, {""start"": 222, ""end"": 262, ""replacement"": ""éxàé.""}]"
5661877aca6a,"[{""start"": 212, ""end"": 224, ""replacement"": ""èh tgkﬁg xqﬀuyaqyxtg""}]"
56e91588577a,"[{""start"": 111, ""end"": 138, ""replacement"": ""Vyéxßˮvkéyyäàzveédäskudzk*xààéà""}, {""start"": 151, ""end"": 171, ""replacement"": ""Gkéyybéukuékéu/xàà*xààéà""}, {""start"": 259, ""end"": 277, ""replacement"": ""véxà*xààéà JIA-Xéàku*xààéà""}, {""start"": 282, ""end"": 309, ""replacement"": ""-Gßˮüéuâäàtk*xààéà, Öupzudﬂﬂ*xààéà,""}]"
5704aa74df64,"[{""start"": 287, ""end"": 292, ""replacement"": ""qykéy ﬁykxgay""}]"
572235c4d571,"[{""start"": 61, ""end"": 76, ""replacement"": ""uè xqﬀuyaqè y xqﬀuyaqyxxy;""}]"
593ca111bd2b,[]
5967a4587196,"[{""start"": 216, ""end"": 236, ""replacement"": ""Öupzudﬂﬂpuxéàkxéuk*xààéà""}, {""start"": 261, ""end"": 273, ""replacement"": ""Véﬂéxàvßˮdsk""}, {""start"": 314, ""end"": 325, ""replacement"": ""eédueéxkék.""}]"
5a30346b6218,"[{""start"": 151, ""end"": 163, ""replacement"": ""è/hy uyxèﬃalqè/y,""}]"
5a8dbffb50a7,"[{""start"": 0, ""end"": 31, ""replacement"": ""Péxkéu pwéu Péxkéuxà Üéudàvkdykäàzvkéßˮàxt""}, {""start"": 180, ""end"": 207, ""replacement"": ""Cxkdueéxkéàwéà/ Dpfxéuéàw*xààéà""}, {""start"": 371, ""end"": 397, ""replacement"": ""éxàé*à Péxkéu/Péxkéux*xààéà""}]"
5ad37e9c4ab5,"[{""start"": 135, ""end"": 146, ""replacement"": ""Èkgkyqqgkè/y,""}, {""start"": 247, ""end"": 259, ""replacement"": ""èh/hl Rèkyqqgky/Rèkyqqkèty""}]"
5b910d340c96,"[{""start"": 177, ""end"": 197, ""replacement"": ""g  kyxﬁgaxlsèhè""}, {""start"": 295, ""end"": 317, ""replacement"": ""g qﬀqqè è/hy kyxﬁgaxlsèhè""}]"
5bab39a593f2,"[{""start"": 126, ""end"": 136, ""replacement"": ""Gkuätkäu*xààéà""}, {""start"": 216, ""end"": 247, ""replacement"": ""éxzéàbéudàküpukyxßˮ üdˮuàéˮﬂ*xààéà.""}, {""start"": 252, ""end"": 266, ""replacement"": ""Kˮxés Ussxßéuv""}, {""start"": 321, ""end"": 336, ""replacement"": ""Üxféâuèvxwéàk*xààéà""}]"
5cbb47f1cf6a,"[{""start"": 59, ""end"": 70, ""replacement"": ""kètyktlqgkè/kètyktlqkètè""}]"
5cf8295e6aee,"[{""start"": 227, ""end"": 236, ""replacement"": ""Géﬂévkéu*xààéà""}, {""start"": 281, ""end"": 310, ""replacement"": ""wév/wéu Qdßˮzéexékv Wlwupzépypzxé""}]"
5e36c3d8c102,[]
61c874267eb0,"[{""start"": 236, ""end"": 251, ""replacement"": ""Yuvkdàséukxzäàz""}]"
61d23803c9a0,[]
62c9a4007449,"[{""start"": 147, ""end"": 154, ""replacement"": ""xèaﬃghè/My""}, {""start"": 331, ""end"": 341, ""replacement"": ""sghhyqqèag/l""}]"
633787259822,[]
6352eee09fab,"[{""start"": 193, ""end"": 203, ""replacement"": ""Uh/Ml Qyqqgky/Qyqqkèty""}]"
64e7937e0f70,[]
656e6eeca64b,"[{""start"": 186, ""end"": 194, ""replacement"": ""Jdkdylvé""}, {""start"": 254, ""end"": 257, ""replacement"": ""ﬂävv wxé fä eéuäséàwé Öupsévväu""}, {""start"": 373, ""end"": 408, ""replacement"": ""Gkéyyéàxàˮdeéuxà/wéﬂ Gkéyyéàxàˮdeéu""}]"
6595f8215b8e,"[{""start"": 39, ""end"": 41, ""replacement"": ""dflj,""}, {""start"": 80, ""end"": 83, ""replacement"": ""dfluv""}, {""start"": 103, ""end"": 106, ""replacement"": ""dfluv""}]"
65bac52506c1,"[{""start"": 28, ""end"": 53, ""replacement"": ""yéxkéàw*xààéà Oxvvéàvßˮdskyéu""}, {""start"": 278, ""end"": 299, ""replacement"": ""Vé- vdﬂkbéudàküpukäàz""}]"
661477697e79,[]
67610fbc1df8,"[{""start"": 336, ""end"": 355, ""replacement"": ""ljjyxxè/y è/hy tlauèulqè""}]"
678894f28034,"[{""start"": 169, ""end"": 177, ""replacement"": ""Öupféàk,""}]"
67ae2c7ff7d9,"[{""start"": 0, ""end"": 1, ""replacement"": ""è/hy""}, {""start"": 59, ""end"": 71, ""replacement"": ""Uh/Ml Rèkyqqgky/uèkyqqkèty""}, {""start"": 251, ""end"": 264, ""replacement"": ""uyh/uyhhl Rèkyqqgky/uèkyqqkèty""}]"
68cf2b07008e,"[{""start"": 162, ""end"": 175, ""replacement"": ""ulè/ulhhy tlauèulqè""}, {""start"": 246, ""end"": 255, ""replacement"": ""tlauèulqè/y""}]"
694d5c0b5d0d,"[{""start"": 193, ""end"": 203, ""replacement"": ""dfluv""}]"
69d1ec9e76f3,"[{""start"": 348, ""end"": 369, ""replacement"": ""Gkäwxéuéàwéàdävvßˮävv""}]"
6a08e2c04222,"[{""start"": 259, ""end"": 281, ""replacement"": ""Cdkéuxdyüxvvéàvßˮdsk*xààéà""}, {""start"": 305, ""end"": 321, ""replacement"": ""Eékpàkéßˮàpypzxé""}, {""start"": 327, ""end"": 340, ""replacement"": ""ﬂxàéudyxvßˮ*xààéà""}]"
6a35c94c165d,"[{""start"": 25, ""end"": 42, ""replacement"": ""yddyqqèzè/y èaqykaè""}, {""start"": 53, ""end"": 60, ""replacement"": ""ugtyaqy, xqﬀuyaqè""}, {""start"": 79, ""end"": 82, ""replacement"": ""ﬀal""}, {""start"": 106, ""end"": 108, ""replacement"": ""ﬀa/ﬀal""}, {""start"": 134, ""end"": 145, ""replacement"": ""kètyktlqgky""}, {""start"": 285, ""end"": 292, ""replacement"": ""ugtyaqy, xqﬀuyaqè""}]"
6a7bb49ca415,[]
6b0a5fe47e9e,"[{""start"": 128, ""end"": 129, ""replacement"": ""è/hy""}]"
6b55c3421f6e,[]
6c320083ba12,[]
6cb640166133,"[{""start"": 156, ""end"": 166, ""replacement"": ""dfluv""}]"
6d198978e1ca,"[{""start"": 272, ""end"": 284, ""replacement"": ""xgqqgxtkèqqg/l""}]"
6f0bb52306d5,[]
7033aaef6c4d,[]
70d8428552c6,"[{""start"": 164, ""end"": 171, ""replacement"": ""exék*xààéà,""}]"
710c681d82cc,"[{""start"": 62, ""end"": 87, ""replacement"": ""(Öuöséu pwéu Öuöséuxà) Eédueéxkéu pwéu Eédueéxkéuxà""}]"
7226627fe088,[]
7260b9d84e53,"[{""start"": 178, ""end"": 241, ""replacement"": ""Nesdyyüxukvßˮdsk, Sﬂüéykﬂdàdzéﬂéàk, Edäüxukvßˮdsk), Kpàväykxàz-""}, {""start"": 299, ""end"": 323, ""replacement"": ""Qpuvßˮäàzvéxàuxßˮkäàz*xààéà,""}, {""start"": 342, ""end"": 351, ""replacement"": ""Eéˮáuw*xààéà,""}]"
72a5f83d9de3,"[{""start"": 92, ""end"": 102, ""replacement"": ""Uh/Ml Qyqqgky/Qyqqkèty""}, {""start"": 117, ""end"": 146, ""replacement"": ""uyxèﬃal èh/hl Èkgkyqqgky/Èkgkyqqkèty zètlkèl/g""}, {""start"": 201, ""end"": 208, ""replacement"": ""ugtyaqy, xqﬀuyaqè""}, {""start"": 222, ""end"": 243, ""replacement"": ""Uh/Ml Èkgkyqqgky/Èkgkyqqkèty zètlkèl/g""}, {""start"": 281, ""end"": 291, ""replacement"": ""èh/hl Qyqqgky/Qyqqkèty""}]"
737b286bd5e9,"[{""start"": 187, ""end"": 206, ""replacement"": ""éxàév/éxàéu Gkäwxéàzdàzv,""}]"
739ee7c6c806,"[{""start"": 33, ""end"": 43, ""replacement"": ""Iàvkxkäkév""}, {""start"": 66, ""end"": 87, ""replacement"": ""Déu/Dxé Eédueéxkéu pwéu Eédueéxkéuxà""}, {""start"": 211, ""end"": 220, ""replacement"": ""Öuöséu pwéu Öuöséuxà""}, {""start"": 226, ""end"": 238, ""replacement"": ""wévvéà/wéu*xààéà""}, {""start"": 317, ""end"": 342, ""replacement"": ""(Öuöséu pwéu Öuöséuxà) Eédueéxkéu pwéu Eédueéxkéuxà""}]"
73a72e936890,[]
74062433fd62,"[{""start"": 91, ""end"": 96, ""replacement"": ""éxàév/éxàéu""}, {""start"": 156, ""end"": 177, ""replacement"": ""éxàév/éxàéu Oxvvéàvzéexékv.""}, {""start"": 256, ""end"": 266, ""replacement"": ""vpﬂxk éxàéà""}, {""start"": 303, ""end"": 317, ""replacement"": ""vâéfxdyxvxéuké""}]"
74231580a230,"[{""start"": 115, ""end"": 128, ""replacement"": ""ùﬀlhy ugtyaqy, xqﬀuyaqè""}]"
748a83bf799c,[]
75c674cf1cb4,"[{""start"": 41, ""end"": 48, ""replacement"": ""Duxkk*xààéà""}, {""start"": 119, ""end"": 133, ""replacement"": ""Iàspuﬂdkxpà*xààéà,""}, {""start"": 138, ""end"": 159, ""replacement"": ""wéu pwéu wxé Eédueéxkéu pwéu Eédueéxkéuxà""}, {""start"": 175, ""end"": 182, ""replacement"": ""Duxkk*xààéà""}]"
7668251ecaca,[]
769a7be76523,[]
770693891282,[]
7784edcf3847,"[{""start"": 192, ""end"": 194, ""replacement"": ""Uh/Ml""}]"
77cd4a41f207,[]
77dba451dec7,[]
78f93c1fe8bf,"[{""start"": 57, ""end"": 71, ""replacement"": ""bpudävzévékfk.""}]"
79185ce8317e,"[{""start"": 297, ""end"": 305, ""replacement"": ""Cxkzyxéwéu""}, {""start"": 336, ""end"": 344, ""replacement"": ""Cxkzyxéwéu""}, {""start"": 385, ""end"": 393, ""replacement"": ""Cxkzyxéwéu""}]"
792cf5686ccc,"[{""start"": 330, ""end"": 353, ""replacement"": ""Ddkéàvßˮäkfeédäskudzkéu""}]"
797012581a56,"[{""start"": 141, ""end"": 158, ""replacement"": ""wév/wéu Öuöséuv Métkpuxà äàw wéu/wxé""}, {""start"": 234, ""end"": 243, ""replacement"": ""wxzxkdy),""}, {""start"": 249, ""end"": 266, ""replacement"": ""wéu pwéu wxé Öuöséu pwéu Öuöséuxà""}, {""start"": 294, ""end"": 315, ""replacement"": ""wéﬂ/wéu Eédueéxkéu pwéu Eédueéxkéuxà""}]"
79753f2b5c3d,[]
79b582c1ee70,"[{""start"": 336, ""end"": 349, ""replacement"": ""ulh/ulhhl Rèkyqqgky/uèkyqqkèty""}]"
7a969baf9f9c,[]
7ac44ae0a2aa,"[{""start"": 254, ""end"": 264, ""replacement"": ""eéudkéàw*xààéà""}]"
7b8333c8e5ac,[]
7c5177eaa1a2,"[{""start"": 68, ""end"": 88, ""replacement"": ""Eh/Ehhl Alﬃaèdètg/l Qyqqgky/Qyqqkèty""}, {""start"": 150, ""end"": 169, ""replacement"": ""Uh/Ml xgqqgxtkèqqg/l""}]"
7c725529955f,[]
7d3ed36b9d5f,"[{""start"": 49, ""end"": 52, ""replacement"": ""ulh/ulhhl""}, {""start"": 96, ""end"": 114, ""replacement"": ""uèxtèﬁhèalqè ul""}]"
7e74e219c008,"[{""start"": 121, ""end"": 133, ""replacement"": ""èh tgkﬁg xqﬀuyaqyxtg""}, {""start"": 230, ""end"": 246, ""replacement"": ""ﬁyk è xgﬃﬃyqqè tgkﬁg xqﬀuyaqyxtg""}]"
7fd43b26bfef,"[{""start"": 223, ""end"": 233, ""replacement"": ""Öuèvxwéàk,""}]"
7fedb5883f09,"[{""start"": 53, ""end"": 63, ""replacement"": ""dfluv""}]"
80381d171755,"[{""start"": 161, ""end"": 186, ""replacement"": ""ﬁkgqgtghhg@ﬁyt.ﬀaèzy.èq),""}, {""start"": 200, ""end"": 221, ""replacement"": ""qklqqljyaql/g, qklqqyko""}, {""start"": 247, ""end"": 250, ""replacement"": ""ulè/ulhhy""}]"
81200feb92e6,"[{""start"": 130, ""end"": 138, ""replacement"": ""Gpàvkxzé""}]"
824fdee6dc27,"[{""start"": 83, ""end"": 96, ""replacement"": ""uyhhy tlauèulqﬀky""}, {""start"": 99, ""end"": 104, ""replacement"": """"}, {""start"": 164, ""end"": 174, ""replacement"": ""tgjﬁyqyaqè èa""}]"
83be0610ee4e,"[{""start"": 166, ""end"": 175, ""replacement"": ""dflj""}]"
84e1add4bb00,[]
861352705031,[]
8671996962a1,"[{""start"": 9, ""end"": 18, ""replacement"": ""Rèkyqqgky/uèkyqqkèty""}, {""start"": 151, ""end"": 158, ""replacement"": ""Qyqqgky/Qyqqkèty""}, {""start"": 161, ""end"": 169, ""replacement"": ""Qyqqkèty""}]"
867f6cd25ce7,"[{""start"": 217, ""end"": 224, ""replacement"": ""dfluv""}]"
86882765b860,[]
88b2d58cd5e1,"[{""start"": 267, ""end"": 297, ""replacement"": ""Jdàwxwdkéà""}]"
897f16c924f1,"[{""start"": 182, ""end"": 189, ""replacement"": ""Àytaètg/l""}]"
89d73e384a06,"[{""start"": 253, ""end"": 268, ""replacement"": ""Uh/Ml xgqqgxtkèqqg/l""}, {""start"": 295, ""end"": 300, ""replacement"": ""qﬀqqè/y""}]"
8a4d64e43298,[]
8b54fae1ec77,"[{""start"": 143, ""end"": 152, ""replacement"": ""dflj""}, {""start"": 208, ""end"": 218, ""replacement"": ""dfluv""}]"
8b85aa83e0fc,[]
8c52f6a7203c,[]
8d61d197a5bd,"[{""start"": 422, ""end"": 424, ""replacement"": ""èh/hl""}]"
8e1ee16a17fd,[]
8ee4468262f5,[]
8eed415efeb3,"[{""start"": 196, ""end"": 205, ""replacement"": ""éuyéuà*xààéà.""}, {""start"": 228, ""end"": 258, ""replacement"": ""Nevpybxéuéàwé""}]"
8f009cca8899,[]
9097d826ffda,[]
926a55ccc428,"[{""start"": 218, ""end"": 225, ""replacement"": ""Gkéâˮd*xààéà""}, {""start"": 235, ""end"": 244, ""replacement"": ""Dxuétkpu,""}, {""start"": 275, ""end"": 293, ""replacement"": ""Eéüéueäàzvâupfévv pwéu Eéüéueäàzvâupfévvxà""}]"
938c3ba37431,[]
9393efeb2c57,"[{""start"": 0, ""end"": 13, ""replacement"": ""tghhlsgklqgky/tghhlsgklqkèty""}, {""start"": 132, ""end"": 145, ""replacement"": """"}, {""start"": 200, ""end"": 207, ""replacement"": ""RUSBLAMy/U""}, {""start"": 264, ""end"": 280, ""replacement"": ""èh/hl tghhlsgklqgky/tghhlsgklqkèty""}]"
940a537c7e75,[]
9455c8b7b07c,[]
94d793fd2440,[]
951c1cffb73d,"[{""start"": 268, ""end"": 273, ""replacement"": ""ﬁkèjl/g""}]"
95a434835a4e,"[{""start"": 12, ""end"": 13, ""replacement"": ""è/hy""}, {""start"": 39, ""end"": 46, ""replacement"": ""ugtyaqy, xqﬀuyaqè""}, {""start"": 126, ""end"": 135, ""replacement"": ""Rèkyqqgky/uèkyqqkèty""}, {""start"": 161, ""end"": 163, ""replacement"": ""lh/lhhl""}]"
967d165708f8,"[{""start"": 90, ""end"": 100, ""replacement"": ""dflq""}]"
969c03db7188,"[{""start"": 169, ""end"": 178, ""replacement"": ""Vákkxàzéu""}, {""start"": 179, ""end"": 203, ""replacement"": ""Dpféàkéà""}, {""start"": 270, ""end"": 277, ""replacement"": ""exék*xààéà,""}, {""start"": 297, ""end"": 305, ""replacement"": ""Eéˮáuw*xààéà""}]"
9707d92b697e,[]
9887ea14c40b,"[{""start"": 263, ""end"": 281, ""replacement"": ""sdßˮöeéuzuéxséàw*xààéà""}, {""start"": 303, ""end"": 324, ""replacement"": ""Gkäwxéàﬂázyxßˮtéxk*xààéà,""}, {""start"": 359, ""end"": 364, ""replacement"": ""éxàév/éxàéu""}]"
98c5295e8c2e,"[{""start"": 228, ""end"": 231, ""replacement"": ""uyh/uyhhl""}]"
99b3a8f5672b,"[{""start"": 119, ""end"": 134, ""replacement"": ""tgèazghql ayè/ayhhy""}]"
9a4984bfe070,[]
9a5e10bf35bf,"[{""start"": 128, ""end"": 140, ""replacement"": ""Uh/Ml Rèkyqqgky/uèkyqqkèty""}, {""start"": 170, ""end"": 182, ""replacement"": ""Uh/Ml Rèkyqqgky/uèkyqqkèty""}]"
9a88be5d79a7,"[{""start"": 86, ""end"": 96, ""replacement"": ""Péxkyxàx*xààéà""}, {""start"": 170, ""end"": 180, ""replacement"": ""Péxkyxàx*xààéà""}, {""start"": 211, ""end"": 219, ""replacement"": ""Eéuäsäàz""}, {""start"": 224, ""end"": 235, ""replacement"": ""Öupsévväuéà""}, {""start"": 241, ""end"": 288, ""replacement"": ""yéxkéàw*xààéà Oxvvéàvßˮdskyéuà/Qpuvßˮäàzvwxuétkpu*xààéà""}]"
9ad850bd1b62,"[{""start"": 316, ""end"": 329, ""replacement"": ""ﬀal/ﬀa Èkgdyxxgky/Èkgdyxxgkyxxl""}]"
9b86a7812d80,[]
9bde1b205881,"[{""start"": 330, ""end"": 333, ""replacement"": ""uyh/uyhhl""}]"
9be27f0019b3,"[{""start"": 70, ""end"": 73, ""replacement"": ""uyè/uyhhy""}, {""start"": 105, ""end"": 112, ""replacement"": ""tgjﬁyqyaqè""}, {""start"": 165, ""end"": 167, ""replacement"": ""ﬀa/ﬀal""}, {""start"": 226, ""end"": 246, ""replacement"": ""uyxèﬃal è/hy ﬁkgdyxxgkè""}]"
9c069a433747,"[{""start"": 60, ""end"": 63, ""replacement"": ""Lhè/My""}, {""start"": 208, ""end"": 225, ""replacement"": ""g  tgkﬁg xqﬀuyaqyxtg,""}]"
9cc6fdabd2da,[]
9ddceb4b5d49,[]
9e5f7b46d08d,[]
9efbab71a930,[]
9eff1fedcace,[]
9fec16d79ee3,"[{""start"": 185, ""end"": 198, ""replacement"": ""spuküèˮuéàw*xààéà""}, {""start"": 239, ""end"": 249, ""replacement"": ""Gkuätkäu*xààéà""}, {""start"": 254, ""end"": 262, ""replacement"": ""Jäykäu*xààéà""}]"
a0f54669dafa,"[{""start"": 185, ""end"": 186, ""replacement"": ""è/hy""}, {""start"": 212, ""end"": 219, ""replacement"": ""ugtyaqy, xqﬀuyaqè""}]"
a13252ef6965,"[{""start"": 85, ""end"": 94, ""replacement"": ""zéâydàk*xààéà""}, {""start"": 118, ""end"": 134, ""replacement"": ""Üéueäàwâupaétk*xààéà""}, {""start"": 167, ""end"": 206, ""replacement"": ""wxé Gkéyyéàxàˮdeéuxà/wéu Gkéyyéàxàˮdeéu""}, {""start"": 339, ""end"": 353, ""replacement"": ""Syﬂ-Jduyvuäˮé)""}]"
a1f31eab5ee2,"[{""start"": 27, ""end"": 38, ""replacement"": ""kètyktlqgky""}, {""start"": 77, ""end"": 88, ""replacement"": ""kètyktlqgky""}, {""start"": 141, ""end"": 143, ""replacement"": ""ﬀa/ﬀal""}, {""start"": 236, ""end"": 246, ""replacement"": ""ul gﬃaè""}]"
a2e05e74f204,[]
a2e755ef96af,[]
a34427e664b7,"[{""start"": 69, ""end"": 84, ""replacement"": ""Üxféâuèvxwéàk*xààéà""}]"
a3d05f966ed8,[]
a3d214d7e738,"[{""start"": 112, ""end"": 121, ""replacement"": ""Rèkyqqgky/uèkyqqkèty""}]"
a5cf90ac840e,"[{""start"": 82, ""end"": 104, ""replacement"": ""g qﬀqqè è/hy kyxﬁgaxlsèhè""}, {""start"": 126, ""end"": 127, ""replacement"": ""è/hy""}]"
a5fb4ab5ce4b,"[{""start"": 33, ""end"": 45, ""replacement"": ""Uh/Ml Rèkyqqgky/uèkyqqkèty""}]"
a61bf191238c,"[{""start"": 38, ""end"": 48, ""replacement"": ""dfluv""}]"
a9bb9dd0874f,[]
aad050bab36c,"[{""start"": 279, ""end"": 294, ""replacement"": ""üéxkéusöˮuéàw*xààéà""}]"
ac92ba58036e,"[{""start"": 14, ""end"": 22, ""replacement"": ""xqﬀuyaqy""}, {""start"": 48, ""end"": 49, ""replacement"": ""è/hy""}, {""start"": 117, ""end"": 132, ""replacement"": ""g è xgﬃﬃyqqè uyh tgkﬁg xqﬀuyaqyxtg.""}]"
acf9f26436e0,"[{""start"": 11, ""end"": 21, ""replacement"": ""dfluv""}, {""start"": 287, ""end"": 290, ""replacement"": ""fuq""}]"
ad6ca4912745,"[{""start"": 26, ""end"": 31, ""replacement"": ""qykéy ﬁykxgay""}, {""start"": 184, ""end"": 187, ""replacement"": ""uyh/uyhhl""}, {""start"": 192, ""end"": 200, ""replacement"": ""jlaulqg/l;""}]"
ad77dc6a06ee,"[{""start"": 0, ""end"": 20, ""replacement"": ""Eh/Ehhl Alﬃaèdètg/l Qyqqgky/Qyqqkèty""}]"
af1fbff9130e,"[{""start"": 89, ""end"": 110, ""replacement"": ""wéﬂ/wéu Eédueéxkéu pwéu Eédueéxkéuxà""}, {""start"": 323, ""end"": 333, ""replacement"": ""dàzéüdàwk.""}, {""start"": 338, ""end"": 364, ""replacement"": ""Déu/Dxé Eédueéxkéu pwéu Eédueéxkéuxà üxuw""}]"
afaeca082709,[]
b040b9a69cd6,"[{""start"": 229, ""end"": 234, ""replacement"": ""qykéy ﬁykxgay""}]"
b1202986be8d,"[{""start"": 16, ""end"": 24, ""replacement"": ""tgkﬁg xqﬀuyaqyxtg""}]"
b2e19bb250f0,"[{""start"": 227, ""end"": 238, ""replacement"": ""kètyktlqgky""}, {""start"": 373, ""end"": 382, ""replacement"": ""xqﬀuyaqyxxy,""}, {""start"": 393, ""end"": 400, ""replacement"": ""ugtyaqy, xqﬀuyaqè""}, {""start"": 403, ""end"": 414, ""replacement"": ""kètyktlqgky""}]"
b3853e8f2086,"[{""start"": 32, ""end"": 34, ""replacement"": ""èh/hl""}]"
b403f9bea81e,[]
b4193bd65780,[]
b4345dad4d96,"[{""start"": 152, ""end"": 166, ""replacement"": ""Aéxyxàvkxkäké,""}, {""start"": 193, ""end"": 207, ""replacement"": ""Öupaétkzuäââ*xààéà""}, {""start"": 254, ""end"": 265, ""replacement"": ""Öupsévväuéà""}, {""start"": 319, ""end"": 345, ""replacement"": ""Péxkéàw*xààéà Oxvvéàvßˮdskyéu*xààéà""}]"
b4503853aad4,[]
b49c22ebf8b3,"[{""start"": 67, ""end"": 70, ""replacement"": ""uyh/uyhhl""}, {""start"": 174, ""end"": 177, ""replacement"": ""uyè/uyhhy""}, {""start"": 202, ""end"": 215, ""replacement"": ""uyh/uyhhl Rèkyqqgky/uèkyqqkèty""}]"
b4babf940835,"[{""start"": 142, ""end"": 144, ""replacement"": ""ﬂdà""}, {""start"": 303, ""end"": 317, ""replacement"": ""Yuvkeékuéäéux*xààéà""}]"
b56cfa8dce7c,"[{""start"": 169, ""end"": 202, ""replacement"": ""Jppuwxàdkxpàvtpﬂâékéàf \nQäàwxéuké""}]"
b5bc96c4afbe,"[{""start"": 140, ""end"": 152, ""replacement"": ""ﬀaèzykxèqlkè/y""}, {""start"": 156, ""end"": 161, ""replacement"": ""ﬁkèjl/g""}]"
b5c6d79cf462,"[{""start"": 84, ""end"": 85, ""replacement"": ""è/hy""}, {""start"": 181, ""end"": 189, ""replacement"": ""èxtkèqqg/l""}]"
b67ba7f4fffd,"[{""start"": 127, ""end"": 137, ""replacement"": ""pwéu éxàév/éxàéu""}, {""start"": 210, ""end"": 219, ""replacement"": ""zéexékék.""}, {""start"": 370, ""end"": 384, ""replacement"": ""éuspuwéuyxßˮév""}]"
b737a5453eac,"[{""start"": 46, ""end"": 48, ""replacement"": ""dflj,""}, {""start"": 92, ""end"": 102, ""replacement"": ""dflq""}]"
b773834941a1,"[{""start"": 231, ""end"": 247, ""replacement"": ""lh/lhhl tghhlsgklqgky/tghhlsgklqkèty""}]"
b7f1bfbbfc10,"[{""start"": 160, ""end"": 172, ""replacement"": ""èh tgkﬁg xqﬀuyaqyxtg""}]"
b8791b5029ba,"[{""start"": 192, ""end"": 201, ""replacement"": ""dyyzéﬂéx*xààéà""}]"
b8c981c79056,"[{""start"": 98, ""end"": 100, ""replacement"": ""EM""}, {""start"": 282, ""end"": 285, ""replacement"": ""uyh/uyhhl""}]"
b91ff084e0a6,[]
b99e423cbb36,"[{""start"": 20, ""end"": 28, ""replacement"": ""ﬁgxxyxxl/g""}, {""start"": 227, ""end"": 235, ""replacement"": ""xqﬀuyaqy""}]"
bab9611e1fad,"[{""start"": 0, ""end"": 16, ""replacement"": ""Oxvvéàvßˮdskyéu*xààéà""}, {""start"": 224, ""end"": 235, ""replacement"": ""eékéxyxz*xààéà,""}]"
bac7c8c7e877,[]
bb2504726f4c,[]
bbc5c23eaf06,[]
bbd6f6d326b9,"[{""start"": 125, ""end"": 135, ""replacement"": ""dfluv""}]"
bc301be0ba12,"[{""start"": 6, ""end"": 13, ""replacement"": ""Duxkk*xààéà""}, {""start"": 42, ""end"": 59, ""replacement"": ""wév/wéu Eédueéxkéuv Métkpuxà äàw""}, {""start"": 64, ""end"": 77, ""replacement"": ""Eédueéxkéux*xààéà.""}, {""start"": 160, ""end"": 188, ""replacement"": ""éxàéà Véˮéxﬂˮdykäàzvéutyèuäàz""}, {""start"": 316, ""end"": 338, ""replacement"": ""wéu pwéu wxé Eédueéxkéu pwéu Eédueéxkéuxà,""}]"
bcb2a0627f38,"[{""start"": 38, ""end"": 45, ""replacement"": ""dfluv""}]"
bcf1581b9cc1,"[{""start"": 145, ""end"": 174, ""replacement"": ""JIA-Ädßˮüäßˮvüxvvéàvßˮdskyéu*xààéà""}]"
bdbde7761c6f,"[{""start"": 70, ""end"": 86, ""replacement"": ""Yˮuéàâupsévvpu*xààéà""}, {""start"": 164, ""end"": 180, ""replacement"": ""Yˮuéàâupsévvpu*xààéà""}]"
be11add8f3f0,[]
bff855e4cee2,[]
c0c6b64a5338,"[{""start"": 126, ""end"": 129, ""replacement"": ""uyh/uyhhl""}, {""start"": 140, ""end"": 151, ""replacement"": ""kètyktlqgky""}]"
c1a2be0219aa,[]
c25a551beb4c,[]
c40973f7d0f2,"[{""start"": 26, ""end"": 31, ""replacement"": ""qﬀqqè/y""}, {""start"": 252, ""end"": 261, ""replacement"": ""Qyhlqgkè:""}]"
c43dbffe0e05,"[{""start"": 163, ""end"": 173, ""replacement"": ""kètìèyxql""}, {""start"": 245, ""end"": 252, ""replacement"": ""Àytaètg/l""}]"
c45b306ccf67,[]
c46eacc46e0f,"[{""start"": 59, ""end"": 60, ""replacement"": ""è/hy""}, {""start"": 90, ""end"": 100, ""replacement"": ""è/hy Ryhyﬃlqè""}, {""start"": 146, ""end"": 157, ""replacement"": ""è/hy Rèkyqqgkè""}, {""start"": 191, ""end"": 195, ""replacement"": ""Ègxxgag""}]"
c4edf7c64e56,"[{""start"": 186, ""end"": 193, ""replacement"": ""Nävydàw""}, {""start"": 247, ""end"": 250, ""replacement"": ""(3)""}]"
c506effb36ea,[]
c5921322073a,"[{""start"": 66, ""end"": 69, ""replacement"": ""uyh/uyhhl""}, {""start"": 147, ""end"": 159, ""replacement"": ""Uh/Ml Rèkyqqgky/uèkyqqkèty""}, {""start"": 188, ""end"": 189, ""replacement"": ""è/hy""}, {""start"": 215, ""end"": 222, ""replacement"": ""ugtyaqy, xqﬀuyaqè""}]"
c632111ef20c,"[{""start"": 98, ""end"": 101, ""replacement"": ""uyè/uyhhy""}, {""start"": 113, ""end"": 125, ""replacement"": ""yddyqqèzè/y yu""}, {""start"": 172, ""end"": 180, ""replacement"": ""Qyzèxgkè/y""}, {""start"": 205, ""end"": 213, ""replacement"": ""èxtkèqqy""}, {""start"": 216, ""end"": 224, ""replacement"": ""èxtkèqqè/y""}, {""start"": 241, ""end"": 249, ""replacement"": ""kyzèxgkè/y""}]"
c65bc70b0008,"[{""start"": 176, ""end"": 179, ""replacement"": ""uyh/uyhhl""}]"
c710b8af7954,"[{""start"": 38, ""end"": 48, ""replacement"": ""dàzéüdàwk.""}, {""start"": 53, ""end"": 79, ""replacement"": ""Déu/Dxé Eédueéxkéu pwéu Eédueéxkéuxà üxuw""}, {""start"": 284, ""end"": 314, ""replacement"": ""37) Déu/Dxé Eédueéxkéu pwéu Eédueéxkéuxà üxuw""}]"
c9e666bfffa3,"[{""start"": 114, ""end"": 124, ""replacement"": ""Uh/Ml Qyqqgky/Qyqqkèty""}, {""start"": 284, ""end"": 291, ""replacement"": ""Qyqqgky/Qyqqkèty""}]"
ca8a875e9205,"[{""start"": 4, ""end"": 22, ""replacement"": ""véxà*xààéà JIA-Xéàku*xààéà""}, {""start"": 27, ""end"": 54, ""replacement"": ""-Gßˮüéuâäàtk*xààéà, Öupzudﬂﬂ*xààéà,""}]"
cac7d82228bc,"[{""start"": 87, ""end"": 89, ""replacement"": ""èh/hl""}, {""start"": 381, ""end"": 386, ""replacement"": ""Ml/Uh""}]"
cb99f6227c65,"[{""start"": 255, ""end"": 271, ""replacement"": ""Pxkéudkäuvkäwxäﬂ""}]"
cbee37615bbb,"[{""start"": 233, ""end"": 236, ""replacement"": ""uyh/uyhhl""}]"
cc919f6cc52f,[]
cd093d41a26b,"[{""start"": 241, ""end"": 250, ""replacement"": ""Iàkudàékv""}, {""start"": 302, ""end"": 316, ""replacement"": ""Méséuéàk äàw Méséuéàkxààéà""}]"
ce0cfa50688b,"[{""start"": 255, ""end"": 265, ""replacement"": ""èa qﬀqqè è/hy""}]"
cec14adc8917,[]
ced43b5cf5d0,[]
d08855f099e6,[]
d1c016b7e672,"[{""start"": 198, ""end"": 213, ""replacement"": ""„wéu/wxé Öuèvxwéàk“""}]"
d31c772e3adb,"[{""start"": 280, ""end"": 287, ""replacement"": ""gﬃaè""}]"
d323811d41e1,"[{""start"": 27, ""end"": 43, ""replacement"": ""èh/hl tghhlsgklqgky/tghhlsgklqkèty""}]"
d4932ef19b30,[]
d4a45b9a6383,"[{""start"": 84, ""end"": 102, ""replacement"": ""Wpàpuduâupsévvpu*xààéà""}, {""start"": 276, ""end"": 292, ""replacement"": ""Yˮuéàâupsévvpu*xààéà""}]"
d4f1cef46c9e,"[{""start"": 328, ""end"": 330, ""replacement"": ""EM""}]"
d524dc16d845,"[{""start"": 98, ""end"": 110, ""replacement"": ""Uh/Ml Rèkyqqgky/uèkyqqkèty""}]"
d63d5e0db480,[]
d63f41cae634,"[{""start"": 195, ""end"": 197, ""replacement"": ""Uh/Ml""}, {""start"": 223, ""end"": 229, ""replacement"": ""qyaﬀqg/l""}]"
d66f44dfd87b,"[{""start"": 58, ""end"": 72, ""replacement"": ""kètgagxtèjyaqg/l""}, {""start"": 256, ""end"": 265, ""replacement"": ""xqﬀuyaqyxxy,""}, {""start"": 285, ""end"": 296, ""replacement"": ""kètyktlqgky""}]"
d6c54b07fffb,[]
d75d99061d4f,"[{""start"": 38, ""end"": 41, ""replacement"": ""uyh/uyhhl""}]"
d87c65836b77,"[{""start"": 138, ""end"": 142, ""replacement"": ""üxuw""}]"
d8adc80a1ea7,[]
d9305eee8b48,"[{""start"": 40, ""end"": 59, ""replacement"": ""zéàdààké:à Öéuvpà*xààéà.""}, {""start"": 64, ""end"": 70, ""replacement"": ""dtkxbé""}, {""start"": 151, ""end"": 166, ""replacement"": ""Wpßˮvßˮäyyéˮuéu""}]"
d9f43dfa2f9c,[]
dadb1f7562ed,"[{""start"": 0, ""end"": 11, ""replacement"": ""My/U tlauèulqè""}]"
dbc2559aff12,"[{""start"": 143, ""end"": 146, ""replacement"": ""uyh/uyhhl""}]"
dbdd65f9e601,"[{""start"": 186, ""end"": 221, ""replacement"": ""Gkéyyéàxàˮdeéuxà/wéu Gkéyyéàxàˮdeéu""}, {""start"": 301, ""end"": 310, ""replacement"": ""zéâydàk*xààéà""}]"
dbe9fe78a64b,"[{""start"": 118, ""end"": 130, ""replacement"": ""éàkvkéˮéàw*xààéà""}, {""start"": 267, ""end"": 274, ""replacement"": ""Duxkk*xààéà""}, {""start"": 303, ""end"": 320, ""replacement"": ""wév/wéu Eédueéxkéuv Métkpuxà äàw""}, {""start"": 325, ""end"": 338, ""replacement"": ""Eédueéxkéux*xààéà.""}]"
dc05104c32a1,[]
dc528fe4e467,"[{""start"": 14, ""end"": 15, ""replacement"": ""è/hy""}, {""start"": 41, ""end"": 48, ""replacement"": ""ugtyaqy, xqﬀuyaqè""}]"
dc6e40fe2f64,"[{""start"": 16, ""end"": 23, ""replacement"": ""Qyqqgky/Qyqqkèty""}, {""start"": 236, ""end"": 244, ""replacement"": ""è/hy ﬁlkykè""}]"
ddec4ec09cd4,"[{""start"": 241, ""end"": 252, ""replacement"": ""My/U tlauèulqè""}]"
dee0463a9445,"[{""start"": 53, ""end"": 61, ""replacement"": ""Eéˮáuw*xààéà""}, {""start"": 153, ""end"": 165, ""replacement"": ""Gkäwxéuéàwéu""}, {""start"": 315, ""end"": 326, ""replacement"": ""tpﬂâékéàk*xààéà""}]"
e00a7098895c,"[{""start"": 22, ""end"": 27, ""replacement"": ""qykéy ﬁykxgay""}, {""start"": 195, ""end"": 200, ""replacement"": ""ul""}]"
e0da12b1bff6,[]
e131a6c010ee,[]
e1568ee3c951,"[{""start"": 44, ""end"": 63, ""replacement"": ""ljjyxxè/y è/hy tlauèulqè""}]"
e24f9a394e68,"[{""start"": 17, ""end"": 20, ""replacement"": ""(3)""}, {""start"": 126, ""end"": 128, ""replacement"": ""ﬂdà""}]"
e2ca1f5649e1,"[{""start"": 25, ""end"": 37, ""replacement"": ""Uh/Ml Rèkyqqgky/uèkyqqkèty""}]"
e340dd82c15f,[]
e343a0775852,"[{""start"": 3, ""end"": 6, ""replacement"": ""flv""}, {""start"": 166, ""end"": 175, ""replacement"": ""dflj""}]"
e35fb9fbc7b1,[]
e46826849905,"[{""start"": 157, ""end"": 159, ""replacement"": ""Uh/Ml""}]"
e4f8673c4c12,"[{""start"": 124, ""end"": 129, ""replacement"": ""ul""}]"
e61bca0c06bb,"[{""start"": 234, ""end"": 236, ""replacement"": ""dflj,""}, {""start"": 275, ""end"": 278, ""replacement"": ""dfluv""}]"
e6218b7cae41,[]
e6bde06b02f1,[]
e7dd2b648a35,"[{""start"": 125, ""end"": 135, ""replacement"": ""dfluv""}, {""start"": 230, ""end"": 240, ""replacement"": ""dfluv""}]"
e8285e98f1fb,[]
e85850c061e6,"[{""start"": 51, ""end"": 65, ""replacement"": ""Gkéyybéukuékéu""}, {""start"": 77, ""end"": 81, ""replacement"": ""Vdvk""}, {""start"": 137, ""end"": 166, ""replacement"": ""éuüéxkéuk*xààéà Öuèvxwxäﬂvvxkfäàz""}]"
e8b161ae64d9,[]
e99162664b63,"[{""start"": 117, ""end"": 126, ""replacement"": ""tlauèulqè/y""}]"
e99577f56446,"[{""start"": 329, ""end"": 334, ""replacement"": """"}]"
e9a2a58806e9,[]
eae770e4fd48,"[{""start"": 4, ""end"": 15, ""replacement"": ""eédueéxkék.""}, {""start"": 207, ""end"": 220, ""replacement"": ""Kˮxés Ussxßéu""}, {""start"": 279, ""end"": 304, ""replacement"": ""yéxkéàw*xààéà Oxvvéàvßˮdskyéu""}]"
eb28407c25e1,"[{""start"": 86, ""end"": 91, ""replacement"": ""ﬁlkqy""}]"
eb4f294e0772,[]
eb8d1f13cc63,"[{""start"": 137, ""end"": 144, ""replacement"": ""Qyqqgky/Qyqqkèty""}, {""start"": 235, ""end"": 236, ""replacement"": ""è/hy""}]"
edd1143f1530,"[{""start"": 152, ""end"": 172, ""replacement"": ""Iàvkxkäkvﬂxkdueéxkéu""}, {""start"": 176, ""end"": 198, ""replacement"": ""Yàkvßˮéxwäàzvâupfévv*xààéà""}, {""start"": 320, ""end"": 341, ""replacement"": ""zéüèˮykéu Cxkdueéxkéu*xà""}]"
ee03732b3d20,"[{""start"": 157, ""end"": 161, ""replacement"": ""üxuw""}, {""start"": 241, ""end"": 253, ""replacement"": ""kxészéˮéàw*xààéà""}, {""start"": 365, ""end"": 380, ""replacement"": ""Aéxywxvfxâyxà*xààéà""}]"
ef42709891ce,"[{""start"": 214, ""end"": 235, ""replacement"": ""U/My tlauèulqè/y xqklaèykè/y""}]"
ef6b17425997,"[{""start"": 150, ""end"": 160, ""replacement"": ""dfluv""}]"
ef9a5c7052f1,[]
efcbd34a0ed2,"[{""start"": 24, ""end"": 26, ""replacement"": ""EM""}]"
f077eeddc5a2,[]
f07beaf26917,"[{""start"": 203, ""end"": 206, ""replacement"": ""uyè/uyhhy""}]"
f1f3ab6e0a23,"[{""start"": 205, ""end"": 219, ""replacement"": ""Gkéyybéukuékéu""}, {""start"": 224, ""end"": 241, ""replacement"": ""Géàdkvwéyézxéuké.""}, {""start"": 253, ""end"": 264, ""replacement"": ""Déyézxéuk*xààéà""}, {""start"": 297, ""end"": 311, ""replacement"": ""Gkéyybéukuékéu""}, {""start"": 323, ""end"": 327, ""replacement"": ""Vdvk""}]"
f1f3ce0e33c2,"[{""start"": 61, ""end"": 70, ""replacement"": ""dflj""}, {""start"": 132, ""end"": 141, ""replacement"": ""dflj""}]"
f1fbfb370f7a,[]
f2d124670cf5,"[{""start"": 124, ""end"": 143, ""replacement"": ""„Gkäwxéàtpﬂﬂxvvxp*xààéà;""}]"
f47160171c10,"[{""start"": 127, ""end"": 128, ""replacement"": ""Métkpuxà äàw""}, {""start"": 205, ""end"": 206, ""replacement"": ""Métkpuxà äàw""}]"
f5f0eca79b6f,"[{""start"": 194, ""end"": 204, ""replacement"": ""dfluv""}]"
f5fba949c710,"[{""start"": 86, ""end"": 95, ""replacement"": ""xqﬀuyaqyxxy,""}, {""start"": 106, ""end"": 127, ""replacement"": ""ugtyaqy, xqﬀuyaqè g kètyktlqgky""}, {""start"": 299, ""end"": 313, ""replacement"": ""kètgagxtèjyaqg/l""}]"
f69b4d17942e,[]
f78bd879761c,"[{""start"": 88, ""end"": 95, ""replacement"": ""uèlhgﬃl/g""}, {""start"": 213, ""end"": 222, ""replacement"": ""lhhy y lè""}]"
f7ccbd1fc120,"[{""start"": 13, ""end"": 20, ""replacement"": ""ugtyaqy, xqﬀuyaqè""}, {""start"": 34, ""end"": 55, ""replacement"": ""Uh/Ml Èkgkyqqgky/Èkgkyqqkèty zètlkèl/g""}]"
f804a138418b,"[{""start"": 226, ""end"": 258, ""replacement"": ""Cxkdueéxkéu*xà, wéu/wxé Wpßˮvßˮäyyéˮuéu""}]"
f8512c8a7150,"[{""start"": 215, ""end"": 226, ""replacement"": ""eéxzésözk*xààéà""}, {""start"": 329, ""end"": 338, ""replacement"": ""eézpàà*xààéà,""}]"
f8726aecb9cb,"[{""start"": 45, ""end"": 57, ""replacement"": ""èh tgkﬁg xqﬀuyaqyxtg""}, {""start"": 204, ""end"": 216, ""replacement"": ""èh tgkﬁg xqﬀuyaqyxtg""}]"
f8b67ea9860d,"[{""start"": 271, ""end"": 274, ""replacement"": ""Ègxxgag""}, {""start"": 342, ""end"": 349, ""replacement"": ""lxxﬀaqg/l""}]"
fa15b9d9f7e2,"[{""start"": 67, ""end"": 71, ""replacement"": ""Opuk""}, {""start"": 76, ""end"": 83, ""replacement"": ""Gßˮuxsk""}, {""start"": 115, ""end"": 124, ""replacement"": ""Pélvxàzéu""}]"
fa850c978142,"[{""start"": 9, ""end"": 19, ""replacement"": ""dfluv""}]"
faed37f2e9d3,[]
fbafd160869f,"[{""start"": 128, ""end"": 154, ""replacement"": ""éxàé*à Péxkéu/Péxkéux*xààéà""}, {""start"": 185, ""end"": 192, ""replacement"": ""wxé/wéu""}]"
fce2910b758c,"[{""start"": 0, ""end"": 34, ""replacement"": ""Oxvvéàvßˮdskyxßˮé/u Cxkdueéxkéu/x*xààéà""}]"
fcf8902f24db,"[{""start"": 25, ""end"": 28, ""replacement"": ""ayè/ayhhy""}]"
fde61ef4871d,[]
fe052966ebfd,"[{""start"": 279, ""end"": 289, ""replacement"": ""dfluv""}]"
fe202be61866,[]
feac58f36984,"[{""start"": 14, ""end"": 26, ""replacement"": ""Vudwäxéuk*xààéà,""}, {""start"": 200, ""end"": 214, ""replacement"": ""-béudueéxkäàz;""}, {""start"": 348, ""end"": 366, ""replacement"": ""àäkfäàzvuéßˮkyxßˮé""}]"
feea56280eb1,"[{""start"": 338, ""end"": 341, ""replacement"": ""ulh/ulhhl""}, {""start"": 398, ""end"": 403, ""replacement"": ""ul""}]"
