id,prediction
tep_0000,0 1 2 0 1 3 4 4 5 6 2 2 0 7 1 8 9 2 10 11 12 0 2 13 13 1 14 4 15 2 0 2 16 0 13 13 1 1 1 2 4 17 18 1 0 0
tep_0001,0 1 2 3 3 4 2 2 3 5 6 7 2 6 3 6 0 8 3 0 2 9 2 3 0 0 3 3 2 2 10 6 0
tep_0002,0 1 2 3 4 5 0 5 0 6 0 7 7 0 5 5 8 7 8 7 7 9 10 5 7 11 0 0 5 5 12 13 7 7 14 0 5
tep_0003,0 1 2 3 3 4 5 6 7 3 2 8 4 3 4 2 3 9 3 7 9 4 2 10 11 7 7 7 9 4 12 2 9 9 4 2 3 2 4 2 9 7 3 9 7 7
tep_0004,0 1 0 2 3 3 2 3 2 0 1 4 4 5 2 0 0 1 3 2 6 3 7 0 8 3 1 0 2 2 0 1 3
tep_0005,0 1 2 3 1 4 5 6 7 1 1 8 1 9 10 11 6 12 1 13 4 14 3 1 15 1 6
tep_0006,0 1 2 1 0 3 1 0 4 5 6 6 4 3 0 2 7 2 2 2 4 8 4 0 0 1 9 1 4 2 10 2 3 0 4 4 1 1 2 1 0 11 4
tep_0007,0 1 0 2 0 1 3 4 1 2 1 3 4 5 5 2 2 5 3 0 5 2 1 3 2 3 6 7 2 1 0 2 1 5 1 3 3
tep_0008,0 1 2 3 4 2 4 1 0 1 1 0 0 5 3 1 4 2 2 0 4 3 3 1 4 0 4 4 3 2 3 2 0 2 4 6 0 2 6 1 1 3
tep_0009,0 1 0 2 3 0 4 5 6 0 7 8 9 5 10 5 5 11 5 12 5 5 9 9 9 0 4 0 13 14 1 9 4 9 0 5 9 0 15 9
tep_0010,0 1 2 3 0 1 4 5 1 6 1 7 8 9 1 10 0 1 0 11 9 12 0 2 10 9 1 13 2 9 14 15 2 0 9 9 16 9 2 9 1
tep_0011,0 1 2 3 0 4 5 6 7 8 0 9 3 0 10 3 0 11 3 0 12 3 3 13 14 3 15 16 17 3 8 18 8 19 18
tep_0012,0 1 2 3 0 4 5 6 1 2 7 1 2 1 0 0 8 9 1 9 9 10 0 1 1 11 0 9 1 12 2 0 0 13 2
tep_0013,0 1 2 3 4 3 5 6 7 0 0 8 9 10 11 12 13 14 3 0 5 5 0 15 3 3 16 3 5 3 0 0 3 17 18 5 0 19
tep_0014,0 1 2 1 3 4 5 6 0 1 7 1 0 7 8 7 1 2 0 0 2 2 9 2 2 10 0 1 4 4 11 0 4 4 0 4 2 1 4 1 4 12 7
tep_0015,0 1 2 3 4 5 6 7 8 9 10 11 12 13 14 14 14 14 14 15 16 17 18 14 14 19 20 21 14 14 22 14 14 23 24 25 14 14 26 27
tep_0016,0 1 1 2 2 3 0 4 0 2 0 1 3 1 3 1 2 3 0 0 3 5 3 2 2 3 1 4 0 0 1 2 2 3 1
tep_0017,0 1 0 2 3 4 5 0 0 0 0 6 7 8 9 10 11 0 0 0 12 13 14 15 16 0 17 0 2 18 19 0 20 21 22 23 0 0 24 0 25 0
tep_0018,0 1 2 3 2 4 1 5 2 1 6 7 2 2 8 9 10 11 1 2 1 2 9 2 12 13 14 15 1 16 17
tep_0019,0 1 2 1 3 1 1 3 0 4 1 5 0 6 7 8 1 3 0 6 1 3 6 0 9 6 6 0 3 10 0 3 0 11 12 1
tep_0020,0 1 2 3 4 5 6 7 8 9 10 11 3 12 8 13 14 11 8 8 15 16 4 17 8 18 19 8 3 8
tep_0021,0 0 0 1 0 2 3 2 1 1 2 1 3 0 2 3 4 0 2 4 1 4 1 4 3 2 3 0 0 4 2 2 2 2 4 2 1 3 3 3 4 1 4
tep_0022,0 1 2 3 2 1 3 2 4 3 2 5 6 4 2 4 3 1 7 3 8 0 3 9 4 4 2 4 0 10 0 1 2 11 1 4 4 2 12 3 3
tep_0023,0 1 2 0 3 2 4 5 6 7 2 8 9 10 11 12 13 0 14 15 16 17 2 18 19 20 2 0 21 22 0 23 21 0 2 24 2 25
tep_0024,0 1 2 2 3 4 5 6 6 7 8 2 9 6 10 11 12 13 8 14 6 15 16 17 8 18 6 19 16 20 21 6 16 22 16 23 24 2 6 25 26 16 6
tep_0025,0 1 2 3 0 0 4 3 4 3 3 5 4 5 4 0 5 5 3 2 2 2 1 1 4 0 0 1 3 5 3 0 5 0 3
tep_0026,0 1 0 2 0 3 4 4 2 3 2 4 4 3 1 5 2 4 6 2 0 3 3 7 8 2 9 0 4 2 2 10 11 0 4 4
tep_0027,0 1 2 3 4 5 6 7 8 9 10 11 12 13 14 15 16 10 17 18 19 20 10 21 7 22 15 20 7 7 20 23 20 7 24 7 20 7 20 20 20 25
tep_0028,0 1 2 3 4 2 5 6 7 8 6 2 6 6 2 2 9 6 10 6 11 12 2 13 14 15 2 1 1 16 17 18 19 6 20 21 22 23 24 25 26 27 28 29 6 1 2
tep_0029,0 1 2 3 4 5 0 6 7 0 8 9 0 4 4 8 10 0 4 8 4 11 6
tep_0030,0 1 2 3 4 5 6 7 3 8 9 10 11 10 12 13 14 10 12 10 3 0 15 16 17 10 10 10 18 19 10
tep_0031,0 1 2 3 1 4 5 6 7 0 8 9 10 1 11 1 5 0 1 12 13 14 5 1 0 15 16 17 18 1 19
tep_0032,0 1 2 3 4 5 6 7 5 8 9 5 10 11 5 12 13 14 6 6 15 16 17 18 19 20 6 5 5 21 22 23 6 6 24 5 25 5 6 26 27 6 28 29 30 31 32
tep_0033,0 1 2 3 3 4 3 5 6 7 1 8 1 9 1 1 7 10 3 1 11 1 7 12 3 13 14 15 16
tep_0034,0 1 2 0 3 4 5 1 1 6 1 7 1 8 6 1 9 10 1 1 11 4 0 12 0 13 4 9 6 14 4 15 16 6 0 4 4 4 5 4 17 0 0 0 6
tep_0035,0 1 2 3 3 3 2 0 0 2 3 4 5 1 6 3 1 2 7 6 1 1 3 8 6 3 5 2 3 0 2 1 5 9 4 0 0 2 4 1 5 2 10 4 3 1 1 5
tep_0036,0 0 1 2 0 3 0 4 5 6 6 0 4 0 4 4 4 2 4 0 4 2 0 7 0 4 3 0 2 0 2 4 0 8 4 0 0 2 2 2 2 2 2 3 2 4 2
tep_0037,0 1 2 0 2 1 3 3 0 3 1 3 3 2 0 2 3 2 0 2 0 1 2 0 0 2 0 3 4 0 0 2 2 5 4 2 2 0 0 3 2 2 5 2 0 3 0 0
tep_0038,0 1 2 3 4 5 1 6 7 1 2 4 8 9 1 10 4 11 12 13 1 14 10 2 15 16 17 4 1 18 19 20 4 8 4 21 10 4 4 8 1 22 4 4 23 1 24 2
tep_0039,0 0 0 1 2 0 2 3 4 5 6 1 6 0 4 7 1 5 4 0 5 5 0 2 4 4 2 4 8 0 0 4 1 4 7 4 4 0 2 0 0 4 0 2 0 9 10
tep_0040,0 1 2 1 3 2 4 0 5 5 6 5 7 5 5 2 5 7 2 2 7 5 2 6 8 0 5 5 5 2 5 2 1 0 0 5 5 0 2 2 2 6 7 7
tep_0041,0 1 2 3 4 5 6 7 8 3 0 9 10 3 11 3 0 6 0 12 7 10 11 3 13 0 14 8 10 10 15 0 0 10 3 6 14 16 17 14 14 0 0 10 10 10 14 0
tep_0042,0 1 2 1 1 1 3 4 5 6 7 8 4 4 9 1 3 3 6 1 1 10 10 4 9 10 8 0 1 11 12 10 1 1 3 3 5 13 6 2 0 12 3 3 10 3 0
tep_0043,0 1 2 3 4 5 5 0 0 3 2 4 6 7 0 0 5 0 2 4 5 5 4 8 2 4 6 9 5 3 6 0 10 4 8 0 6 2 4 6 0 6 3 4 3 5 2 3
tep_0044,0 1 2 2 3 0 2 3 0 0 0 0 1 3 1 3 2 4 0 5 3 0 2 0 3 0 2 0 4 2 2 1 6 7 6 0 0 0 6 2 2 1 1
tep_0045,0 1 2 3 4 1 5 6 0 1 7 1 8 9 3 10 9 11 12 13 1 14 15 6 3 16 17 18 19 6 4 1 1 20 6 7 6 1 21 9 2 10 22 23 24 25 7
tep_0046,0 1 2 0 3 0 0 4 0 5 1 6 7 1 0 8 1 0 4 0 2 9 5 10 5 2 0 4 1 11 2 12 13 7 2 4 1 4 0 4 1 0 4 14
tep_0047,0 1 2 2 2 3 1 4 2 5 6 0 4 7 3 1 2 4 3 4 4 4 4 3 0 2 4 3 3 8 4 2 7 2 5 5 2 3 7 9 6 2 6 6 1 1 0 4
tep_0048,0 1 2 3 4 0 5 6 7 8 9 10 1 0 11 12 7 13 7 14 15 16 17 7 16 8 1 8 14 18 0 7 19 20 12 8 9 1 21 8 16 8 16 16 14 1 16 22
tep_0049,0 1 1 1 2 3 4 5 5 1 6 7 2 3 8 0 3 9 10 2 11 9 9 7 1 9 12 2 5 13 2 14 1 9 1 1 2 2 15 12 9 16 1 0 17 2 13 10
tep_0050,0 0 1 2 3 3 3 3 4 5 1 6 5 1 2 5 3 6 0 0 7 5 3 6 6 5 0 3 4 3 1 4 3 4 6 5 5 1 8 9 4 3 0 6 1 1 6
tep_0051,0 1 2 3 0 3 0 0 3 3 4 0 3 2 2 1 3 3 5 6 0 5 3 1 3 1 5 7 0 1 0 2 2 1 5 5 2 3 5 0 5 4
tep_0052,0 1 2 2 2 3 4 5 6 7 8 9 8 2 10 11 12 13 14 13 15 13 16 2 17 2 14 2 18 4 19 0 20 21 2 22 14 23 14 8 8 14 8 8 14
tep_0053,0 1 2 3 0 4 4 4 5 6 7 5 8 5 3 9 3 10 6 11 4 12 0 13 14 5 3 15 16 0 0 17 18 19 4 17 14 20 21 22 17 0 0 10 23 0 24 25
tep_0054,0 1 1 2 3 4 5 6 7 8 9 10 9 11 11 12 13 8 9 14 1 11 15 16 17 9 18 19 20 2 16 1 21 4 16 15 9 11 19 2 19 22 23 11 19 24 15 15
tep_0055,0 1 2 3 4 3 4 5 4 6 6 7 3 8 3 3 9 10 11 12 13 7 14 3 15 4 6 6 16 4 4 14 2 7 3 6 17 3 16 7 1 6 15 18 2 1 16 3
tep_0056,0 1 2 3 4 5 1 6 7 8 2 9 9 9 1 10 11 12 13 1 2 4 2 9 2 14 15 16 1 4 9 1 2 17 18 9 19 18 2 1 13 9 4 20 9 4 1 20
tep_0057,0 1 1 1 2 3 2 1 2 4 5 2 6 2 6 2 3 7 2 8 9 10 10 6 11 10 2 12 13 14 1 15 16 16 3 3 17 12 2 18 3 19 6 6 14 12 20 8
tep_0058,0 1 1 2 3 4 5 2 6 1 1 5 6 3 7 8 3 4 3 1 7 5 9 1 3 5 10 0 11 1 1 12 13 6 2 1 9 3 1 2 2 10 14 1 15 4 9 16
tep_0059,0 0 1 2 3 4 1 1 2 2 1 1 2 2 2 5 1 5 1 2 1 4 5 1 1 2 4 5 1 1 5 2 1 2 0 2 2 1 2 1 1 5 0 0 2 1
tep_0060,0 1 2 3 4 4 5 6 1 2 7 8 0 0 2 0 0 9 1 2 2 3 1 1 2 4 10 4 1 3 11 12 13 14 15 0 11 0 2 2 11 4 3 0 2 16 1 4
tep_0061,0 1 2 3 0 0 4 5 6 7 2 1 0 3 2 6 3 1 0 8 8 2 3 6 0 1 9 9 6 5 8 3 1 6 3 1 5 5 0 6 3 3 2 0 8 2 6 5
tep_0062,0 1 0 2 3 2 4 0 3 3 0 3 1 0 0 1 1 4 4 5 2 6 1 1 3 7 3 4 8 6 1 0 4 3 6 4 2 5 6 6 4 2 1 3 0 6 3 0
tep_0063,0 1 2 3 1 4 2 0 3 5 6 3 7 8 9 3 10 3 0 11 1 12 13 0 3 2 1 0 14 15 16 17 18 3 3 19 11 20 21 22 3 19 23 24 25 26 25 2
tep_0064,0 0 1 1 0 2 3 0 4 3 5 3 4 3 6 6 1 5 7 5 0 8 9 2 3 6 5 9 10 11 5 0 1 9 0 3 5 3 5 6 3 4 12 13 3 9 3 5
tep_0065,0 0 1 2 3 0 4 5 0 6 7 8 9 10 11 12 1 13 2 0 14 0 15 16 1 1 1 17 18 19 20 2 21 22 1 8 23 6 24 2 25 26 27 2 28 29 30 2
tep_0066,0 1 2 3 4 5 6 7 8 2 2 9 8 7 10 7 2 7 2 9 11 12 13 9 14 15 16 12 17 18 19 7 20 21 22 23 24 7 25 9 26 7 16 2 7 27 28 16
tep_0067,0 1 2 3 4 0 5 6 7 8 9 10 9 9 0 9 11 5 12 5 5 13 14 9 9 15 16 2 17 18 0 0 19 9 15 20 21 22 9 9 23 24 25 0 0 26 5 9
tep_0068,0 1 2 3 4 1 5 6 7 6 3 3 6 8 9 10 2 11 1 6 12 3 13 1 14 6 15 12 6 1 3 16 13 13 17 18 1 1 19 1 20 19 9 12 2 21 22
tep_0069,0 0 1 2 3 4 1 5 0 0 6 7 4 4 5 1 0 8 1 1 4 4 8 4 3 1 2 0 4 1 1 1 2 1 2 4 4 4 3 6 3 4 0
tep_0070,0 1 2 3 4 5 6 7 6 8 9 10 5 11 12 13 3 14 15 16 5 17 9 5 9 14 18 9 3 18 6 18 6 19 20 10 7 4 21 5 1 22 1 23 24 7 6 5
tep_0071,0 1 2 3 3 2 4 2 5 6 7 3 8 9 0 0 2 7 3 3 8 3 0 7 9 10 9 10 2 11 12 4 2 9 2 13 2 3 7 4 2 2 4 0 14 0
tep_0072,0 0 1 2 0 3 2 1 2 4 5 2 6 7 5 8 9 2 10 10 3 0 7 11 12 13 14 5 2 3 15 6 1 6 0 16 2 17 18 19 20 21 10 22 23 2 7 2
tep_0073,0 0 1 2 3 4 1 5 4 6 4 7 0 8 9 1 2 4 1 2 1 10 11 12 1 1 13 14 15 12 16 4 1 9 3 12 17 3 2 3 1 18 12 2 0 8 12 19
tep_0074,0 1 2 1 3 4 5 6 7 8 6 9 10 11 12 13 14 6 6 2 15 3 6 7 7 2 16 1 17 18 1 0 19 3 7 3 3 15 20 11 3 6 7 2 21 22 4 7
tep_0075,0 0 1 1 2 0 1 0 0 3 4 1 0 5 6 1 7 2 8 7 0 1 9 10 1 9 7 2 2 2 1 7 1 11 0 2 7 12 6 7 1 1 7 0 7
tep_0076,0 1 1 2 3 4 3 5 0 6 7 5 3 2 8 6 9 10 11 5 12 1 5 13 14 5 1 2 5 5 5 5 3 1 13 2 3 1 6 7 5 15 7
tep_0077,0 1 2 2 3 2 4 5 6 7 8 5 2 5 9 5 1 10 11 11 12 13 4 7 6 11 2 5 4 1 11 4 14 4 15 4 16 9 11 7 6 5 4 11 5 4
tep_0078,0 1 2 1 2 3 4 4 2 5 3 4 4 0 6 2 1 4 1 7 8 1 2 8 8 4 1 2 1 0 7 9 5 4 1 5 10 9 9 4 11 0 0 8 3
tep_0079,0 0 1 0 2 3 4 5 6 7 7 8 6 9 10 11 11 12 11 0 6 12 11 10 13 0 10 14 12 11 0 6 15 16 17 6 18 12 6 10 11 6 6 19 3 20 8 21
tep_0080,0 1 2 3 4 5 6 0 3 7 2 2 0 2 8 7 9 10 2 11 12 1 13 14 3 3 15 16 14 17 14 14 3 18 7 2 4 1 1 3 2 19 14 20 14 21
tep_0081,0 1 2 3 1 4 1 1 5 6 4 3 5 6 3 0 3 7 3 8 9 3 3 5 10 1 5 6 11 12 13 1 4 11 11 0 1 14 6 5 3 3 0 11 6 1
tep_0082,0 1 2 3 2 0 0 4 0 5 0 6 4 7 2 4 2 0 4 0 8 9 8 8 2 1 10 4 3 0 11 4 4 3 0 8 10 2 2 8 0 8 1 4 8 4 2 12
tep_0083,0 1 0 2 2 3 4 5 6 0 7 3 2 8 2 0 8 7 9 10 7 0 11 3 12 3 13 3 3 5 0 3 14 15 8 16 2 15 6 3 17 18 6 0 2 0 2 2
tep_0084,0 1 2 3 4 1 1 5 2 3 4 2 2 4 1 2 0 1 2 2 0 4 0 4 0 4 2 5 3 4 1 5 3 3 0 5 1 5 1 3 5 5 4 0 5 0 3 3
tep_0085,0 1 2 3 0 4 2 3 2 0 2 2 4 4 5 1 0 0 3 4 1 3 4 5 4 1 4 5 1 3 3 1 1 1 5 5 5 4 3 5 0 2 0 0 2 3 5
tep_0086,0 1 2 3 3 4 0 2 2 5 2 3 1 3 2 4 4 3 1 0 0 1 3 0 4 0 1 5 3 0 5 1 5 2 5 5 0 5 4 3 4 1 2 4 4 5 1 2
tep_0087,0 1 2 3 1 0 4 0 5 1 0 2 3 3 6 7 1 3 1 0 1 8 0 1 3 2 2 2 0 0 0 0 1 3 0 9 3 10 11 0 0 0 2 3 0 0 2 2
tep_0088,0 1 2 3 4 5 6 7 3 8 2 6 5 2 5 9 8 6 6 5 8 5 5 6 5 8 2 2 3 6 10 2 8 8 8 8 11 6 3 11 12 0 6 13 6 5
tep_0089,0 1 0 2 3 3 3 0 4 1 1 3 1 4 5 4 5 2 4 4 2 2 5 1 5 3 2 2 2 1 3 3 4 5 0 4 5 0 1 2 0 0 4 3 1 0
tep_0090,0 1 0 0 2 3 4 4 5 3 3 2 4 4 0 5 1 5 2 3 5 3 3 4 4 2 1 1 2 2 4 0 5 5 5 2 0 4 0 1 5 0 3 2 3 1
tep_0091,0 1 2 3 4 0 3 0 5 5 6 6 6 0 1 1 5 2 0 5 5 2 5 1 3 3 6 6 3 3 5 0 1 2 0 5 1 2 3 1 0 1 2 6 2 6 2 3
tep_0092,0 1 2 1 3 4 2 2 5 1 1 3 3 5 6 1 7 5 1 5 8 9 9 10 5 5 10 2 3 3 8 1 3 2 3 1 11 2 12 5 13 14 3 2 2 5 15 16
tep_0093,0 1 2 3 4 5 6 0 7 4 0 1 0 8 4 9 10 0 1 8 8 0 3 11 3 12 13 8 13 0 14 4 10 0 1 8 15 16 8 8 6 8 17 16 1 13
tep_0094,0 0 1 2 3 4 0 5 2 1 6 3 7 3 1 8 0 2 9 0 0 1 10 9 9 2 11 0 2 1 1 9 2 9 12 9 1 3 0 2 3 1 9 3 3 2 9 13
tep_0095,0 1 2 3 4 5 6 2 2 5 2 7 2 8 2 9 2 10 5 11 2 12 13 2 2 14 15 6 2 2 5 16 2 2 17 18 19 20 21 2 22 23 17 24 2 6 2
tep_0096,0 1 2 1 3 2 4 4 1 2 1 1 5 6 4 4 7 1 1 8 7 2 9 10 4 2 11 0 10 2 7 10 7 7 4 4 3 11 7 0 7 2 4 1 0 12 2 7
tep_0097,0 1 2 3 3 4 5 4 6 4 1 3 6 7 8 4 4 9 4 10 10 10 11 3 12 10 10 4 0 0 13 4 3 14 15 4 16 12 10 3
tep_0098,0 1 2 2 3 4 2 5 3 6 3 3 0 7 3 6 3 8 9 9 2 3 5 10 2 6 11 7 11 11 9 3 2 6 6 0 11 2 2 6 7 0 6 6 9 12 1 12
tep_0099,0 1 0 2 3 2 4 5 6 2 7 8 9 5 0 4 10 11 4 12 0 13 14 0 0 5 0 1 5 5 0 15 16 17 5 5 18
tep_0100,0 1 2 3 4 5 6 7 2 5 1 8 9 10 1 11 0 12 13 14 2 2 15 6 2 16 0 17 0 18 2 19 2 20 21 22 1 23 2 1
tep_0101,0 1 2 1 3 4 5 6 3 6 7 8 9 10 11 4 12 2 13 14 15 10 3 3 10 16 3 4 17 18 3 4 4 19 6 1 20 1 1 3 4 3 21 1 1 22
tep_0102,0 0 0 1 2 3 4 1 0 0 5 4 5 2 0 6 2 0 3 5 0 7 1 8 0 9 0 4 0 0 5 0 10 0 0 11 0 5 0 5 12 0 5 1 0 13 1
tep_0103,0 1 2 3 4 5 6 1 7 8 9 1 2 10 11 1 12 13 13 14 2 15 1 15 14 16 17 18 1 18 0 19 2 1 17 7 7 20 2 21 22 15 23
tep_0104,0 0 1 2 3 1 4 5 6 7 8 9 9 5 3 0 10 9 9 7 9 7 11 1 12 13 9 14 2 5 5 1 1 7 5 9 5 9 0 4 1 1 1 5 15 5
tep_0105,0 0 1 2 3 2 1 0 4 0 2 5 6 7 8 9 1 1 10 1 0 9 5 10 1 0 11 1 0 12 13 5 14 15 0 14 16 9 9 2 10 12 2 6
tep_0106,0 1 2 3 4 1 5 4 6 7 8 9 10 6 1 11 5 1 12 1 7 13 9 5 9 1 0 1 5 4 12 5 1 4 4 14 0 14 0 1 15 5 4 1 6 4 4 5
tep_0107,0 1 2 3 3 4 5 6 7 8 3 9 3 10 11 12 3 13 14 15 3 16 3 3 2 17 2 18 19 18 20 21 22 23 2 24 22 25 2 26 17 27 22 28 29 1
tep_0108,0 1 2 3 4 5 6 5 7 8 7 0 3 2 7 9 5 10 11 12 13 12 3 14 12 4 3 15 16 5 2 2 12 3 17 18 19 3 7 12 3 3 5 20 12
tep_0109,0 1 2 0 3 4 5 3 6 6 4 7 1 6 8 9 10 10 0 4 4 11 7 12 0 9 8 5 5 13 5 2 13 8 3 3 0 9 12 12 14 2 8
tep_0110,0 1 2 3 4 2 5 1 6 7 8 9 10 1 3 11 12 9 13 3 1 14 15 1 1 16 17 18 1 5 19 15 20 19 21 22 9 23 15 24 20 25 1
tep_0111,0 1 2 3 4 5 5 5 6 7 8 9 10 5 11 12 5 1 13 5 11 2 14 15 15 5 10 10 8 16 13 17 5 18 4 19 20 21 22 23 24
tep_0112,0 1 2 3 4 5 6 7 8 2 9 1 8 10 1 1 1 11 12 13 8 8 1 8 14 15 2 16 17 18 8 1 19 1 20 21 22 2 2 23 8 24 7 8 3 25
tep_0113,0 1 2 3 4 4 4 3 5 1 6 7 8 9 8 8 10 11 12 13 8 4 3 14 1 15 9 16 4 3 5 1 3 16 17 18 3 4 8 3 1 7 1 4 3 4 19
tep_0114,0 0 0 1 1 2 1 3 4 5 1 6 7 8 2 9 2 2 10 11 12 2 13 0 14 15 0 16 17 18 19 2 9 2 20 2 21 22
tep_0115,0 1 2 3 4 5 5 6 3 4 7 8 4 6 6 6 9 5 4 4 3 2 10 5 5 11 10 3 5 4 3 10 12 13 3 6 9 14 8 13 4 4 9 15 5 5
tep_0116,0 1 2 3 4 5 5 6 7 7 8 7 5 9 2 7 7 10 2 1 2 11 1 1 12 3 2 2 13 9 14 5 5 15 5 3 7 5 1 2 16 5 17 0
tep_0117,0 1 2 3 4 4 1 0 5 6 7 7 2 1 1 7 1 2 8 6 9 7 2 7 7 1 1 4 2 4 10 11 5 1 7 7
tep_0118,0 1 2 3 1 2 4 1 5 2 2 6 7 8 7 9 7 1 10 2 11 11 7 2 11 12 2 13 13 1 14 2 1 1 15 5 13 16 15 1 8
tep_0119,0 1 2 3 4 5 6 7 8 9 2 10 2 11 2 2 12 13 14 6 2 15 16 17 0 18 8 11 19 2 18 20 19 19 21 7 2 7 5 19 15 18
tep_0120,0 1 1 2 3 4 5 6 2 7 1 0 3 5 1 8 7 9 1 10 11 5 8 12 0 5 0 1 13 5 14 8 1 13 15 5 13 0 5 1 15 16 12 3 9 5
tep_0121,0 1 2 3 4 5 6 3 3 6 2 7 3 8 6 9 10 2 9 11 9 7 2 2 6 6 9 12 3 2 2 5 6 3 2 0 13 6 14 3 6
tep_0122,0 1 2 0 0 3 4 0 2 5 6 3 3 1 7 0 4 8 0 9 5 2 10 2 1 3 3 0 4 4 2 9 2 11 8 0 12 13 3 8 3 14 1 15 15
tep_0123,0 1 2 3 0 4 0 5 6 7 8 2 6 7 9 0 7 0 0 1 10 11 7 7 5 5 11 0 12 11 13 7 5 0 5 14 7
tep_0124,0 1 2 1 0 3 4 0 5 0 6 0 2 7 2 0 8 2 1 9 10 4 10 2 0 1 11 2 1 2 12 1 13 0 14 3 15 16 1 1 16 13 10 2
tep_0125,0 1 2 3 2 4 5 0 6 7 8 9 4 6 10 4 11 12 0 6 13 1 4 4 0 14 6 15 0 1 16 0 0 4 0 4 17 18 6 8 4
tep_0126,0 1 0 2 2 0 2 2 0 0 1 0 3 0 1 4 0 5 3 2 1 2 2 6 2 7 3 0 8 1 3 3 9 10 1 0 1 4 1 0 4 0
tep_0127,0 1 2 3 4 5 6 7 8 2 9 10 11 0 8 12 13 1 14 3 15 16 1 0 17 18 15 18 16 16 0 0 19 0 0 18 0 20 16 19 1 15 11 10
tep_0128,0 1 2 3 4 3 5 6 5 7 8 9 10 11 12 5 5 1 4 13 14 12 15 3 16 1 13 5 5 0 17 18 5 1 0 3 3 11 5 19 20 1 8 1 3 3 3 0
tep_0129,0 1 2 3 4 5 6 7 8 9 10 4 7 11 2 12 13 4 7 14 15 3 13 4 0 13 7 4 0 2 7 10 0 14 16 14 17 18 8 7 19 4 2 17 20
tep_0130,0 1 2 2 2 3 4 3 5 6 7 2 8 7 7 9 7 10 7 10 6 11 12 6 10 13 6 14 7 1 6 15 16 10 17 18 19 20 21
tep_0131,0 0 1 0 2 2 3 4 1 5 2 6 0 7 6 2 8 9 10 11 12 7 13 14 7 15 16 1 17 1 15 18 19 20 21 22 23 14 24 19 7 0 0 25
tep_0132,0 1 2 3 3 3 3 4 5 6 3 7 8 9 4 4 8 10 11 4 12 10 13 1 4 14 1 4 7 15 16 3 8 4 17 7 8 4 3 18 3
tep_0133,0 1 2 3 4 5 6 7 8 9 10 11 12 13 6 13 4 12 6 1 6 14 6 0 5 4 15 1 6 12 13 16 1 17 0 5 6 18 3 6 19 20 3
tep_0134,0 1 2 0 3 4 4 2 0 5 6 1 4 1 6 5 5 7 0 5 1 5 8 9 4 0 1 7 0 1 1 0 10 5 1 4 0
tep_0135,0 1 2 2 3 4 5 6 5 7 4 1 1 8 9 2 1 4 10 1 11 7 12 13 1 14 5 15 2 5 1 12 4 5 2 12 16 17 12 18 2 19 2 5 2 20
tep_0136,0 1 2 0 3 4 5 1 1 6 7 0 8 8 0 8 1 1 1 9 3 10 8 6 1 8 8 11 12 8 13 8 14 1 8 8 15 6 3
tep_0137,0 1 1 2 1 3 4 5 6 7 8 0 3 5 1 9 0 1 10 5 0 0 11 1 0 12 13 14 1 9 6 15 15 16 1 4 0 5 0
tep_0138,0 1 1 2 3 4 1 5 6 7 8 5 9 10 11 6 12 13 9 14 13 8 15 16 13 17 18 4 19 1 20 5 21 10 22
tep_0139,0 1 2 3 4 5 6 7 8 4 9 10 11 12 13 14 3 5 15 16 17 1 18 16 0 19 0 20 21 16 11 3 0 22 23 24 25 0 21 26 0
tep_0140,0 1 2 3 4 5 6 6 7 8 9 6 7 10 8 8 9 8 11 3 6 12 13 14 15 6 16 3 17 6 7 8 7 6 5 18 11 19 20 8 7 8 21
tep_0141,0 1 2 3 0 4 3 1 2 2 0 4 3 1 2 1 5 5 0 3 2 1 0 1 0 0 3 2 1 4 5 6 2 4 2 4 3 3 5 3 4 5 1 4 5 5 4
tep_0142,0 1 2 3 4 5 6 7 8 9 8 1 1 10 11 1 12 0 8 7 1 0 13 14 0 0 0 15 0 16 8 17 1 11 9 18 19 20 0 1 21
tep_0143,0 1 2 3 4 2 5 0 6 7 8 9 3 9 3 2 10 2 8 11 3 11 11 12 3 2 3 2 11 13 14 2 5 15 3 2 16 3 1
tep_0144,0 1 2 3 4 5 4 6 6 6 6 6 7 3 8 1 9 10 11 12 6 5 6 9 6 3 13 14 4 15 6 6 16
tep_0145,0 1 2 3 4 5 6 7 8 0 2 9 10 11 12 8 2 7 13 9 14 15 9 16 13 17 2 18 19 20 2 2 0 0 21
tep_0146,0 1 2 3 4 5 6 7 8 9 6 1 10 11 12 13 14 15 16 17 4 10 18 8 1 1 19 20 6 3 21 22 23 3 24 25 1
tep_0147,0 0 1 2 3 3 3 4 5 5 5 2 6 3 2 3 0 5 0 3 5 5 2 1 0 7 0 0 8 2 5 1 1 3 9 10 1 5 0 11 2 3 2 12
tep_0148,0 0 0 0 1 2 3 4 5 4 6 7 0 8 9 6 3 8 10 11 8 8 3 3 3 12 8 8 13 8 14 15 3 16 9 17 0 8 18 3 3
tep_0149,0 1 2 3 4 5 6 7 8 7 9 7 2 5 10 11 6 5 12 13 7 5 14 5 6 2 2 2 12 7 15 6 5 5 1 2 7 6 16 5 17 7 6 7 10 7 6 18
tep_0150,0 1 2 0 3 4 5 6 2 0 7 6 0 8 9 10 11 0 6 6 6 2 12 0 2 2 13 0 6 10 6 6 9 0 2 9 14 2 2
tep_0151,0 1 2 3 4 5 6 6 2 7 8 9 10 9 6 2 5 6 7 11 12 13 2 14 9 15 4 16 5 6
tep_0152,0 0 1 2 3 4 0 5 0 6 7 8 5 5 5 9 10 11 0 5 12 0 5 13 14 5 9 0 5 12 10 15 0 16 6
tep_0153,0 1 2 3 4 1 5 6 7 8 5 9 10 4 4 11 4 12 7 13 5 14 0 4 0 4 15 7 10 4 16 11 7 17 18 4 19 7 5
tep_0154,0 1 1 2 0 3 4 2 3 3 1 3 2 5 6 0 1 1 2 7 8 9 10 1 4 2 11 0 12 13 4 14 4 1 2 2 2 15 1 0 4 16
tep_0155,0 1 2 3 0 4 5 0 5 6 7 0 8 7 4 0 0 3 3 9 10 0 3 3 8 11 12 13 3 14 11 3 5 15 16 17 11 3 5 9 14 0 18 5
tep_0156,0 1 2 3 4 5 6 7 1 8 5 2 1 9 10 10 1 11 5 12 13 14 7 15 16 17 18 19 20 21 5 7 21 22 23 10 24
tep_0157,0 1 2 3 4 1 4 5 6 0 7 8 3 4 4 1 3 3 1 4 0 9 3 10 11 12 13 0 4 6 4 3 14 4 3 0 13 3 15 16
tep_0158,0 1 2 3 4 5 6 7 0 8 9 0 10 7 11 12 13 0 14 15 15 0 6 16 17 18 19 20 3 21 22 16 23 12 24 3 6 25 26 27 28 29 0
tep_0159,0 1 2 0 3 1 0 4 1 5 6 7 0 8 9 10 0 2 1 11 12 13 1 14 15 16 17 0 1 18 0 10 1 1 3 7 19
tep_0160,0 1 2 3 4 5 6 2 7 8 2 6 6 9 10 11 12 13 14 4 15 16 6 6 17 18 2 2 19 20 6 21 22 23 24 6 2 25 26
tep_0161,0 1 2 3 4 3 3 3 0 0 0 5 0 6 7 0 2 8 5 9 1 10 10 0 2 2 11 3 10 3 12 0 3 1 13 14 15 15 10 0 3
tep_0162,0 1 2 3 4 5 2 3 2 0 0 6 7 8 2 9 8 10 11 12 3 2 0 9 13 0 14 2 0 15 2 3 3 6 0 16 8 17 18 8 2 8 0 19 11 15 15 11
tep_0163,0 1 0 2 0 3 2 0 4 2 2 2 5 2 6 0 4 7 8 9 5 10 11 12 13 14 4 15 13 2 16 17 0 2 7 0 0 18 1 13
tep_0164,0 0 1 2 3 4 5 6 7 8 9 7 0 0 9 10 11 0 9 7 0 9 0 10 7 0 11 9 7 12 13 7 14 15 9 7 7
tep_0165,0 1 2 3 4 5 1 1 6 1 4 7 8 9 10 11 3 9 8 12 4 2 1 8 8 9 13 3 0 14 15 2 16 17 2 18 19 20 4 1 10 1
tep_0166,0 1 1 2 3 4 5 6 7 8 7 9 10 11 1 1 4 12 4 13 14 15 16 10 17 15 1 18 19 20 21 18 1 22 11 23 13 24 1 25 26 4 4
tep_0167,0 1 2 3 4 5 3 6 7 8 9 10 11 12 13 14 9 15 16 17 18 5 19 14 20 4 21 18 4 22 9 23 24 19 21 25 5 26 10 27 6 27 28 29 3 6 30
tep_0168,0 1 2 3 2 4 5 6 7 8 9 10 11 12 2 13 11 0 14 2 2 2 12 3 15 16 0 17 18 19 2 0 20 0 21 22 23 11
tep_0169,0 0 1 2 3 4 5 6 7 8 1 3 9 3 10 1 11 12 13 1 3 3 1 14 3 15 9 16 3 1 17 18 19 20 21 3 22 1 23 24 6 15 1
tep_0170,0 1 0 2 3 4 5 6 0 7 8 9 8 10 2 0 11 12 13 14 0 15 16 17 18 19 0 20 0 21 0 0 19 19 22 18 23 24
tep_0171,0 1 1 0 2 3 4 4 5 6 6 2 4 6 7 8 2 6 2 6 2 9 2 6 1 4 2 1 10 11 4 12 13 1 1 1 4 0 0 6 14 0 1 2
tep_0172,0 1 2 3 4 0 5 6 7 8 9 10 0 11 12 13 14 15 13 16 0 17 13 18 0 4 19 4 16 15 20 11 21 22 23 24 21 25 26 15
tep_0173,0 1 2 3 4 5 5 6 0 7 8 9 10 8 11 7 7 10 0 12 7 4 9 5 7 7 0 13 13 9 10 3 14 15 16 17 9 0 7 18 1
tep_0174,0 1 2 3 3 4 5 4 6 5 4 4 7 8 9 4 4 10 6 1 3 11 12 4 9 13 6 14 15 6 16 5 17 12 18 19 6 5
tep_0175,0 1 0 2 0 3 4 5 6 7 0 6 8 9 10 0 11 12 13 0 8 14 3 15 0 16 8 0 4 17 18 19 20 21 22 23 1 24 25 6 26 27 26 20
tep_0176,0 1 2 3 4 5 6 2 4 1 7 8 9 1 6 6 10 11 12 1 13 10 2 0 4 14 15 11 16 2 6 5 9 17 1 7 1 5 18 1 1
tep_0177,0 1 2 3 4 2 4 5 6 7 4 8 9 2 10 11 12 6 13 14 15 16 17 2 17 18 19 9 20 21 22 4 4 2 23 4 24 1 25 26 17 27 28
tep_0178,0 1 2 3 4 4 4 5 6 1 7 0 5 8 6 9 1 10 11 12 4 13 14 15 6 16 4 17 6 18 6 3 6 5 19 20 20 6 15 3 21 22
tep_0179,0 0 1 2 3 4 0 5 0 6 7 8 9 9 10 11 12 9 9 0 9 13 14 15 7 0 16 17 18 19 16 20 13 9 9 9 0 7 16 17
tep_0180,0 1 0 2 3 0 4 0 1 5 6 1 7 8 9 7 9 10 11 7 9 0 12 1 7 9 13 14 3 15 7 1 7 9 1 16 11 11 1 7 17 11 7 18
tep_0181,0 0 1 2 1 3 4 3 0 5 1 6 3 0 7 1 8 2 3 0 9 9 9 0 1 3 4 0 9 9 6 4 1 2 10 4 1 1 0 9 11 12
tep_0182,0 1 2 3 4 1 5 6 7 8 4 3 9 2 9 10 7 1 11 1 12 7 13 14 4 7 9 7 15 11 16 2 4 7 1 7 7 17
tep_0183,0 1 2 3 4 5 6 7 8 8 7 9 10 7 11 12 13 14 0 1 15 16 17 18 7 7 19 20 21 19 22 23 24 7 10 10 25 7 23 26 8 23 7 20 12 8
tep_0184,0 1 2 3 4 5 2 6 7 8 2 6 9 5 2 3 10 2 6 0 11 12 5 0 2 11 13 6 3 14 15 15 5 16 6 3 6 2 17 6 18 19 5 20
tep_0185,0 1 2 3 4 5 6 7 4 8 1 9 10 11 12 13 4 14 15 16 17 18 19 16 20 1 10 10 0 21 22 10 23 24 3 9 10 24 16 4 12 4 10
tep_0186,0 1 2 3 4 5 6 7 7 5 8 0 9 7 10 1 8 7 7 11 12 0 0 9 0 8 13 5 0 8 14 15 7 5 7 8 16 8 0 11 0
tep_0187,0 1 2 3 4 5 5 3 6 2 2 0 1 7 3 5 1 4 1 8 9 10 11 1 0 0 5 12 3 2 3 3 5 1 1 13 1 5 5 14 15 16 5
tep_0188,0 1 2 3 0 4 0 5 6 0 2 7 8 0 5 9 10 11 2 12 0 13 0 2 6 1 6 1 2 0 2 0 1 13 6 0 2 1
tep_0189,0 1 2 3 4 5 6 7 5 8 9 10 8 11 12 8 13 14 15 16 13 17 18 19 20 21 8 22 8 8 23 8 24 25 3 26 7 27 14
tep_0190,0 1 2 3 0 4 5 6 7 5 8 0 9 10 1 11 12 13 13 14 3 15 16 0 1 0 1 14 17 0 18 19 0 0 1 13 14 20
tep_0191,0 1 1 2 3 4 4 5 6 4 0 0 7 6 6 7 4 6 8 0 4 6 7 9 10 2 1 1 6 0 8 3 4 11 7 4 4 0 1 12 5 0 7 6 6 0
tep_0192,0 1 2 0 3 4 3 5 2 6 7 2 7 2 8 6 6 0 1 6 7 9 10 4 0 3 11 0 6 6 3 11 0 12 6 6
tep_0193,0 0 1 2 0 3 3 0 4 5 6 2 7 8 3 9 10 3 8 8 11 8 11 12 8 13 11 14 15 10 14 5 0 8 16 17 8 18 16 0 19 20 8 0 3 21
tep_0194,0 1 2 3 4 5 6 7 4 8 2 9 5 10 11 1 7 1 12 13 14 9 15 1 4 16 17 9 1 9 9 6 9 9 1
tep_0195,0 1 0 2 0 3 0 4 5 6 7 8 5 9 10 7 11 12 4 3 13 0 14 10 0 15 10 16 10 17 10 18 19 0 20 0 8 21 22 7 23 9
tep_0196,0 1 2 3 2 1 4 5 6 1 7 8 9 8 7 10 2 10 8 1 7 8 1 8 7 11 10 7 9 10 12 1 10 10 13 8 3 10 13 8 14 10 1 6 8 11 2 1
tep_0197,0 1 2 3 4 5 6 7 8 2 4 7 9 7 10 11 12 13 14 7 4 15 16 11 16 17 18 19 7 20 19 21 19 11 21 3 7 7 11 22 18 7
tep_0198,0 1 2 3 4 5 6 1 7 8 9 10 11 12 13 14 13 8 1 4 15 11 16 17 18 19 20 21 11 11 22 23 10 19 24 25 11 23 22 26 27 16 12
tep_0199,0 1 2 3 4 5 6 0 7 8 9 10 11 2 12 13 14 3 15 0 16 17 18 19 20 21 1 22 0 9 23 9 24 25 26 27 28 29 30 31 0 32 33
tep_0200,0 1 2 3 0 4 5 6 7 8 9 10 11 12 13 14 14 15 16 6 10 15 2 4 4 17 18 19 4 3 6 12 20 16 9 7 12 15 3 21 17 22 14
tep_0201,0 1 0 2 3 3 4 5 6 7 3 0 7 8 9 10 11 12 3 13 10 14 14 2 15 16 1 17 3 1 8 1 18 3 19 20 2 21
tep_0202,0 1 2 0 3 4 3 0 5 6 3 7 8 5 5 5 9 5 10 11 12 4 0 0 4 13 4 5 14 13 15 16 2 1 5 0
tep_0203,0 1 2 3 4 5 2 6 2 7 3 8 4 9 10 11 12 13 14 15 16 17 13 18 19 20 21 22 23 13 3 24 13 25 26
tep_0204,0 1 2 3 4 5 6 5 7 8 1 5 9 10 0 11 5 12 13 11 10 5 14 5 2 15 11 5 3 16 11 17 18 0 19 20 21 22 23 24 25 5 26
tep_0205,0 1 2 2 3 2 4 5 6 0 7 8 5 9 2 2 10 6 6 4 5 5 2 6 2 11 12 6 13 14 0 11 15 6 16 17 9 6 6 14
tep_0206,0 1 2 2 3 4 1 0 3 3 5 1 4 6 0 5 6 2 7 2 7 8 2 2 2 7 6 1 1 0 9 1 1 10 4 0 11 11 2 1
tep_0207,0 1 2 3 4 5 6 7 6 8 4 4 9 10 11 12 13 12 1 9 4 9 4 1 4 1 7 4 1 14 1 15 1 4 0 7 7 16 1 17 9 9 9 13 9 18 7 19
tep_0208,0 1 2 2 2 2 3 4 2 2 2 2 5 6 7 4 8 9 2 10 11 12 13 14 15 16 17 18 2 19 20 2 21 2 22 2 23 23 23 24 25 2 2 2
tep_0209,0 1 2 0 1 3 0 4 5 6 7 1 1 8 9 10 11 1 1 9 12 13 14 15 16 17 16 13 18 19 20 1 21 22 13 23 24 1
tep_0210,0 1 2 2 3 4 5 6 5 7 3 8 2 9 10 11 10 3 11 5 9 12 5 5 13 2 14 2 8 2 2 8 12 15 3 15 16 17 3 2 2 18 3 5
tep_0211,0 1 2 3 3 2 4 5 6 7 8 9 7 2 10 11 10 12 13 7 2 8 7 7 3 14 2 7 12 15 8 16 7 8 0 12 17 10 2 3 2 13 18
tep_0212,0 1 2 3 4 4 5 6 7 8 9 10 11 12 4 13 7 14 15 16 17 18 19 20 21 22 23 1 20 24 25 26 12 27 28 29 30 21 22 26 6 21 18 2 4 31 20
tep_0213,0 1 2 3 2 2 4 5 0 0 6 4 2 7 8 0 4 0 4 2 4 9 2 6 10 4 11 0 12 7 13 14 0 2 15 0
tep_0214,0 1 2 3 4 5 6 7 8 3 9 10 11 12 13 3 3 14 0 4 3 15 11 16 17 0 3 4 3 4 18 4 19 20 0 10 19 3 13 21 0
tep_0215,0 1 2 3 4 5 3 5 6 6 0 2 3 0 3 0 5 5 6 7 6 5 8 5 5 6 0 8 9 8 0 8 10 1 5 6 8 10 8 8 0 10 6 0 8 6 1 3
tep_0216,0 1 1 2 3 4 0 3 2 3 5 1 5 1 1 6 5 2 7 1 1 3 0 3 2 0 1 3 2 8 2 5 2 7 5 2 0 9 5 9 5
tep_0217,0 1 2 3 2 4 5 1 6 3 3 7 1 2 8 9 10 10 0 3 9 3 11 12 2 13 2 11 14 2 1 3 13 2 11 3 3 4 15 16 2
tep_0218,0 1 2 2 3 0 0 4 5 6 7 0 0 2 2 3 8 3 7 9 7 10 11 0 0 12 3 3 7 13 14 3 15 6 3 7 16 17 7 18 14 14 3 2 0 19
tep_0219,0 1 2 3 1 4 5 6 7 8 2 9 1 10 8 11 11 12 8 1 4 1 4 1 13 14 4 15 16 14 17 8 0 3 18 4 11 19 8 7 6 8 20 21
tep_0220,0 1 2 1 0 3 4 5 6 6 1 7 3 8 1 1 0 3 6 4 1 9 10 5 6 11 3 4 4 0 0 6 4 0 4 6 1 0 0 3 6 9
tep_0221,0 1 1 2 1 3 4 5 6 7 8 9 10 7 1 3 11 9 12 4 7 0 1 0 13 9 7 14 11 14 15 1 7 1 0 1 3 7 6 9 16 10
tep_0222,0 1 2 2 3 0 1 1 0 2 0 1 2 2 0 4 1 0 5 3 0 3 6 2 1 0 3 3 6 6 3 6 2 6 6 2 3 6 6 3 1 1
tep_0223,0 0 1 2 2 3 4 2 3 4 5 3 3 2 2 4 3 0 1 0 4 1 1 6 0 7 2 2 1 2 0 0 1 8 9 4 1 8 3 0 3 1 3 10
tep_0224,0 1 2 3 4 5 6 3 1 3 2 6 3 1 3 2 0 0 2 1 7 0 1 4 1 1 2 0 3 1 3 2 3 2 2 6 0 0 6 0
tep_0225,0 1 2 3 4 3 0 5 0 6 7 8 8 8 9 10 3 8 1 11 3 12 3 13 6 14 15 6 1 6 1 16 8 1 6 3 0 3 17 3 6 0 1 15
tep_0226,0 0 1 2 3 4 5 2 6 2 5 0 7 8 7 0 4 3 4 0 0 4 7 4 1 7 1 0 3 2 2 7 0 3 9 10 1 9 3 1 1 4 3 1 6
tep_0227,0 1 2 3 0 2 3 0 2 3 4 1 2 5 3 6 1 1 7 8 2 1 2 9 10 11 12 2 9 13 3 14 6 15 16 1 6
tep_0228,0 1 2 0 3 1 3 4 5 2 1 0 1 6 7 5 7 4 4 3 0 2 8 9 0 7 7 4 2 0 4 4 1 7 2 1 7 7 1 4 4 2 1 2 7 8
tep_0229,0 0 1 0 2 3 4 4 5 3 5 1 6 7 8 2 3 2 8 3 5 0 2 2 9 8 5 5 0 3 2 3 0 8 10 3 2 11 2 12 13 5 5 14 3 4 0 5
tep_0230,0 0 1 2 3 2 4 5 6 7 6 8 3 6 5 5 8 7 0 6 2 2 9 7 10 0 2 0 2 5 5 6 3 0 0 8 11 2 5 0 6 12 6 6 13 2 14 13
tep_0231,0 1 2 3 3 1 4 5 6 2 7 5 3 3 8 9 3 9 5 3 1 10 10 3 5 5 5 11 10 5 10 10 1 12 1 5 1 3 0 13 2 10 10 14 15 9 1 1
tep_0232,0 1 2 3 4 5 6 0 7 2 7 7 1 8 9 5 10 11 12 5 13 14 8 15 8 16 7 15 9 17 18 17 7 19 20 14 13 2 9 14 3 8 14 21 13 22 23 9
tep_0233,0 1 2 3 4 5 6 7 8 5 6 8 8 9 3 5 8 5 10 5 11 12 13 14 8 10 8 15 5 10 13 5 16 9 17 10 1 9 18 4 19 20 21 5 8
tep_0234,0 1 2 1 3 1 3 4 0 5 6 6 6 1 6 7 8 9 3 6 9 3 3 9 3 10 11 12 8 1 8 13 3 6 1 10 14 15 16 3 1 6 1 8 6 0 17 0
tep_0235,0 1 2 3 3 4 5 3 0 3 3 6 0 0 2 7 6 3 1 1 2 3 1 2 2 6 1 6 5 0 8 9 2 6 0 1 2 0 1 6 6 1 2 0 10 6
tep_0236,0 1 1 1 2 3 4 5 6 7 8 9 5 10 11 12 13 14 15 16 4 1 14 5 17 4 17 18 4 0 19 4 17 4 4 2 4 1 20 21 0 1 1 1 22 23
tep_0237,0 0 0 1 2 1 3 3 4 4 2 5 5 2 2 2 5 1 1 5 2 0 5 6 0 1 3 3 1 5 3 2 1 6 5 2 5 0 3 7 1 0 0
tep_0238,0 1 1 2 2 0 3 4 1 5 2 1 1 2 6 7 3 8 7 7 9 7 1 0 10 11 0 12 1 2 2 7 5 2 0 2 7 7 13 0 5 5 0 7 0 14 1 15
tep_0239,0 1 2 3 1 0 4 1 3 1 0 2 1 2 5 6 3 3 5 4 3 0 2 0 1 2 0 2 5 1 3 2 5 3 5 0 1 0 2
tep_0240,0 1 2 2 0 3 0 4 5 0 6 2 7 8 9 10 0 2 3 2 3 9 8 2 11 8 8 2 0 12 13 14 15 8 2 16 17 8 0 8 18 19 15 0 8
tep_0241,0 0 0 1 2 1 3 0 4 0 3 5 3 3 3 2 1 0 4 0 6 0 0 3 0 2 4 0 3 4 4 0 1 1 4 0 3 2 1 0 1 2 0 4 0 2 4 2
tep_0242,0 0 0 1 2 2 2 2 0 3 2 0 2 0 2 2 3 0 3 0 0 2 0 2 0 4 0 0 0 0 3 2 0 5 2 2 0 0 0 0 0 0 0 2 0 6 2 0
tep_0243,0 1 2 3 4 2 0 0 0 5 5 0 0 6 3 3 2 0 0 3 0 0 2 2 0 2 5 0 2 2 2 2 2 3 5 5 3 2 0 0 2 0 2 0 0
tep_0244,0 1 0 1 1 2 3 4 5 3 1 1 6 7 1 0 2 0 0 0 0 2 0 2 8 1 3 9 10 0 0 1 6 11 1 2 0 10 0 0 1 2 0 1 0 0 12 6
tep_0245,0 1 2 3 2 4 5 2 3 6 2 2 6 7 8 9 10 11 8 12 13 14 6 6 5 15 6 16 4 12 6 2 17 4 10 10 4 18 19 2 20 6 3 12 3 6 2 4
tep_0246,0 1 2 0 0 0 0 1 0 0 0 0 3 4 0 5 0 4 0 1 2 4 0 0 1 5 2 0 0 0 1 0 6 7 0 1 5 0 0 0 4 1 0 8 0 0 4 1
tep_0247,0 1 1 1 1 2 1 3 2 2 1 1 2 2 1 2 1 4 5 1 2 2 1 1 2 3 3 1 3 1 3 1 1 3 6 1 3 3 7 6 1 3 8 9 10 2 1 11
tep_0248,0 1 2 3 4 5 6 7 0 8 0 4 6 7 0 6 0 9 4 10 2 6 8 6 8 7 2 6 8 3 6 2 7 3 8 11 12 13 6 6 14 15 8 2 2 16 6 6
tep_0249,0 1 2 3 0 4 0 5 2 0 0 5 5 0 6 3 7 5 8 0 3 0 9 3 3 0 0 0 0 0 8 2 3 0 0 0 10 8 4 3 0 3 0 3 3 4 3 0
tep_0250,0 0 1 2 2 0 3 0 2 0 4 2 5 6 7 0 8 0 0 2 9 0 0 2 0 2 10 2 11 0 12 0 2 0 0 0 13 0 11 0 0 14 15 0 2 16 17 18
tep_0251,0 1 2 1 3 1 4 1 5 4 3 3 6 7 4 4 3 1 1 4 2 1 4 2 3 1 1 8 1 1 3 3 1 4 1 3 4 3 9 7 7 4 10 1 8 1 1 11
tep_0252,0 1 2 1 2 2 3 2 1 0 0 4 3 4 2 3 4 0 2 2 3 4 2 3 3 4 0 4 4 2 5 1 2 3 1 1 4 4 2 2 0 4 1 2 4 3 2 0
tep_0253,0 1 2 3 4 5 0 0 4 2 4 4 4 0 0 0 0 4 2 4 0 1 4 0 0 0 0 0 0 0 0 2 0 0 0 4 0 0 0 3 0 0 1 0 6 7 4 0
tep_0254,0 1 2 0 0 0 0 3 3 4 5 2 5 4 2 3 2 5 0 0 0 0 0 3 1 0 2 3 0 0 2 0 3 0 3 0 1 0 0 2 3 3 6 0 0 2 4 2
tep_0255,0 1 2 3 3 4 1 3 2 5 6 2 7 4 1 8 4 2 2 2 2 9 2 10 7 2 2 1 3 4 11 0 5 5 12 4 2 2 7 3 5 3 3 2 13 3 1 7
