image_id,prediction_string
lpbf_009087413b8d7e,0.6120 7 301 30 324 0.4260 85 320 116 351 0.1311 105 319 134 348
lpbf_01dbabe1a17b6f,0.6941 9 302 32 325 0.4720 289 9 312 32 0.3319 65 319 98 352
lpbf_03104647bb3b93,0.7149 6 300 29 323 0.4124 85 320 116 351 0.3670 289 330 310 351 0.3379 273 329 294 350
lpbf_05210e27f3a4c3,0.7844 8 300 31 323 0.3932 289 7 312 30 0.3013 22 315 45 338 0.1876 22 300 45 323 0.1817 37 317 58 338
lpbf_077b3a5ef1f495,0.6186 6 300 31 325 0.3791 286 8 309 31 0.3779 22 301 45 324 0.3484 35 316 58 339 0.1703 21 314 44 337
lpbf_07d7e608536217,0.9496 226 226 253 253 0.8385 316 137 343 164 0.2654 227 246 254 273
lpbf_0849169c8cd72c,0.6549 8 301 31 324 0.5403 272 328 295 351 0.5249 85 319 116 350 0.2906 288 329 311 352
lpbf_0cceb440aab506,0.7600 7 301 30 324 0.5233 288 7 311 30 0.4819 36 316 57 337 0.2596 23 302 44 323 0.1918 22 315 45 338
lpbf_15599bd934bb40,0.9936 352 82 381 111 0.8611 261 80 290 109 0.3461 332 82 361 111
lpbf_156c727f933f02,0.7799 7 300 30 323 0.4280 288 6 313 31 0.2320 66 319 97 350 0.1382 84 321 115 352
lpbf_1668442f0c333d,0.9639 225 226 254 255 0.9387 314 135 345 166 0.3260 224 245 253 274 0.1628 317 156 344 183 0.1623 244 244 273 273 0.1474 243 225 272 254
lpbf_177df5e7278ee6,
lpbf_18d934e28d0d1a,0.6416 118 208 149 239 0.3709 298 300 329 331 0.3607 209 280 236 307 0.3207 118 278 147 307 0.1275 302 384 333 415
lpbf_19adcfc3c646bb,0.9671 313 134 344 165 0.9623 224 223 255 254 0.2346 243 223 274 254 0.1981 140 318 171 349 0.1487 225 244 254 273 0.1298 314 152 343 181
lpbf_1c8b3ff9e5fb57,
lpbf_1e8580b2d5efe0,0.6789 9 301 32 324 0.5588 65 321 96 352 0.3918 289 7 312 30 0.1852 37 314 60 337 0.1555 45 317 76 348
lpbf_1f48074da6f5fe,0.7008 209 280 236 307 0.5653 117 206 148 237 0.2872 298 300 327 329 0.2310 207 262 236 291 0.2065 117 278 146 307 0.1598 208 191 239 222
lpbf_1f792f677ee171,0.8038 9 301 32 324 0.4762 23 316 46 339 0.3551 286 6 309 29 0.1600 36 317 59 340 0.1471 22 300 45 323 0.1313 46 318 77 349
lpbf_22c1cc66ba80c4,0.9936 350 80 381 111 0.8145 260 80 291 111 0.2249 332 81 361 110
lpbf_239ce1dbc97e9f,0.9610 315 135 346 166 0.9486 224 225 255 256 0.3479 227 245 256 274 0.2838 317 155 346 184 0.2272 242 244 273 275 0.1292 246 226 273 253
lpbf_24cb80906eee67,0.9545 317 136 348 167 0.9429 225 226 256 257 0.7523 137 315 166 344 0.2362 233 245 264 276 0.1648 132 333 161 362 0.1418 153 313 182 342
lpbf_27b4121521d6f7,0.5842 273 329 294 350 0.5327 6 300 29 323 0.4953 289 329 312 352 0.4154 86 320 117 351
lpbf_28861aeee323ad,
lpbf_2bb79fcbc45f25,
lpbf_2d360688199ab6,0.8506 6 301 29 324 0.4965 35 316 58 339 0.3330 288 6 311 29 0.1379 22 302 47 327
lpbf_2fe722189465bb,
lpbf_3026c3cb939d37,0.6382 7 300 30 323 0.4235 289 6 312 29 0.2327 23 302 44 323 0.2167 23 316 44 337 0.1735 37 314 60 337
lpbf_3331d75654827c,0.6928 227 226 256 255 0.6518 316 136 345 165 0.1214 226 247 253 274
lpbf_36ba0a62f8f4f7,0.9766 389 98 418 127 0.4757 296 115 329 148
lpbf_399941e260d635,
lpbf_3a0fea3b9e178b,0.6984 7 300 32 325 0.4249 288 7 311 30 0.2876 23 316 44 337 0.1472 22 300 45 323
lpbf_3a9b3b5df3f203,0.7209 7 302 30 325 0.3955 66 319 97 350 0.2439 83 318 114 349 0.1417 288 8 313 33
lpbf_3b6b2157c66d72,0.7109 9 301 32 324 0.5392 64 321 95 352 0.4371 289 7 312 30 0.1550 105 319 134 348 0.1465 44 317 75 348
lpbf_3c923b111476c4,0.9632 225 225 254 254 0.9523 315 137 342 164 0.3848 316 155 343 182 0.3160 225 245 254 274 0.2849 245 225 274 254 0.1414 293 134 322 163
lpbf_4254fa18e2cab7,0.7045 9 302 32 325 0.4711 289 9 312 32 0.2511 67 320 98 351
lpbf_476c68233f1113,0.6339 9 303 32 326 0.5877 274 328 299 353 0.4634 86 319 117 350 0.1340 288 329 311 352
lpbf_4bcce4a077693a,0.7423 7 300 30 323 0.3619 274 328 297 351 0.2149 84 321 115 352 0.1392 289 330 310 351
lpbf_4c7cf19feb518d,0.9384 226 226 255 255 0.8859 316 136 345 165 0.2924 226 245 255 274 0.2906 333 133 364 164 0.2649 245 225 274 254 0.1598 243 244 272 273
lpbf_4c8716c955c60e,0.9714 223 224 254 255 0.9670 313 134 344 165 0.3599 224 245 253 274 0.3053 244 224 273 253 0.1860 132 318 161 347 0.1463 243 242 274 273
lpbf_4c946522ff5fbb,0.7491 6 301 31 326 0.3330 66 319 97 350 0.2997 82 317 115 350 0.2221 104 317 135 348 0.1417 288 8 313 33
lpbf_4d95b73afb86fd,
lpbf_4e04d200d8d793,0.7695 10 302 31 323 0.3735 288 6 311 29 0.3520 23 315 46 338 0.1234 37 318 58 339
lpbf_50af042ff5d3a1,
lpbf_511bd901511cc5,0.9661 313 135 346 168 0.6453 225 225 254 254 0.2100 136 317 165 346
lpbf_51e3a401e96bf6,0.8450 226 225 253 252 0.4394 316 135 347 166
lpbf_525b122c8a142f,0.8964 225 225 254 254 0.7869 315 134 346 165 0.3782 227 246 254 273 0.2646 316 153 345 182 0.1248 245 226 272 253
lpbf_53491bea5ea9e2,
lpbf_535d2de9812d16,0.9173 225 226 254 255 0.7878 316 136 345 165 0.4280 225 245 254 274 0.2795 137 317 164 344
lpbf_545790ee5f7294,0.9709 350 78 381 109 0.5959 259 82 290 113 0.2469 330 79 361 110
lpbf_591c1d87991eda,0.6805 7 299 32 324 0.4023 288 6 311 29 0.2785 22 301 45 324 0.2167 23 316 44 337 0.1294 35 314 58 337
lpbf_5bafc1dcb8fb29,0.9924 351 81 380 110 0.7690 263 82 290 109 0.3462 332 81 361 110 0.1902 330 63 361 94
lpbf_5c193e6b9ca509,0.6446 8 300 31 323 0.4521 289 6 312 29 0.3125 21 314 44 337 0.2093 35 316 58 339 0.2065 21 300 46 325
lpbf_5d7919db25d05c,0.9646 225 225 256 256 0.8647 314 135 345 166 0.2815 226 244 255 273
lpbf_5d902b5f1ed3c0,0.6750 9 302 32 325 0.4863 289 9 312 32 0.2862 67 319 98 350
lpbf_5f4ce79f21e6d9,0.6784 10 302 31 323 0.4793 65 320 96 351 0.2354 285 7 310 32
lpbf_5fb087fdb698e3,0.9224 313 134 346 167 0.7524 225 224 256 255 0.3464 226 244 255 273
lpbf_61ec9873ca6bfe,0.9369 225 226 256 257 0.9352 314 134 347 167 0.4883 137 317 168 348
lpbf_64642af4183cf9,0.7467 6 300 31 325 0.4714 287 5 312 30 0.2975 23 315 46 338 0.2281 22 300 45 323 0.1600 37 318 58 339 0.1377 46 318 77 349
lpbf_654e9911048374,0.6203 117 206 148 237 0.5137 210 280 237 307 0.4054 296 296 327 327 0.2741 118 277 147 306
lpbf_66d5b2e903ee18,0.9733 224 225 255 256 0.9442 314 135 345 166 0.4314 227 246 254 273 0.3057 244 245 273 274
lpbf_6b0923562c89c3,0.7197 35 316 58 339 0.4892 7 302 32 327 0.3009 45 318 74 347 0.2640 82 316 115 349 0.2585 286 6 311 31 0.1762 23 315 46 338
lpbf_6b3a69b3a3846d,0.9859 388 99 417 128 0.3333 296 115 329 148
lpbf_72a5d847e843de,0.6704 7 300 30 323 0.4525 288 6 311 29 0.3296 36 316 59 339 0.2640 21 314 44 337 0.2196 22 301 45 324
lpbf_744c5b57f3ab1b,0.7388 35 316 58 339 0.4554 8 302 33 327 0.3287 82 316 115 349 0.2603 285 6 310 31 0.2355 48 318 81 351 0.1762 23 315 46 338
lpbf_747e8e4d9671e2,0.7844 8 300 31 323 0.4620 23 315 46 338 0.4190 288 6 311 29 0.1447 37 318 58 339 0.1323 23 301 44 322
lpbf_773c8ecc676336,0.8316 226 226 253 253 0.4659 315 134 346 165 0.1260 227 245 254 272
lpbf_7a40796995bb63,0.9699 317 135 346 164 0.9071 225 226 254 255 0.2779 229 245 256 272 0.1892 243 244 272 273 0.1444 245 225 274 254
lpbf_7bbb83b2091396,0.7827 36 317 57 338 0.3247 82 317 115 350 0.3153 7 302 32 327 0.2684 288 6 313 31 0.2316 64 320 95 351 0.1988 10 283 51 324
lpbf_7de90f854a40c1,0.7769 8 301 31 324 0.4534 287 5 312 30 0.2598 22 301 45 324 0.2386 23 316 46 339 0.1567 46 318 77 349 0.1372 36 317 57 338
lpbf_7df9a5f2d640c2,0.7489 7 299 32 324 0.4204 289 6 312 29 0.3558 35 315 58 338 0.2851 24 302 45 323 0.2067 22 315 45 338
lpbf_7e055b79809af3,0.7659 6 300 31 325 0.4531 288 6 311 29 0.4288 23 302 44 323 0.3309 35 315 58 338 0.1977 21 315 44 338
lpbf_7e425daa687100,0.9625 226 226 255 255 0.7765 315 135 346 166 0.3442 227 246 254 273 0.2864 245 225 274 254 0.1834 318 156 345 183
lpbf_812331f5be5411,0.6775 34 315 57 338 0.4556 45 319 78 352 0.4539 82 316 115 349 0.4296 5 301 30 326 0.4033 288 6 313 31 0.2788 64 319 95 350
lpbf_8653a5c2fcad1b,0.7683 8 300 33 325 0.5240 287 5 312 30 0.5109 23 315 46 338 0.1600 36 317 59 340 0.1538 22 300 45 323
lpbf_87249911da7a41,0.7211 9 301 32 324 0.3764 289 9 312 32 0.1940 67 319 98 350
lpbf_884820a38c11fa,0.9710 225 225 256 256 0.8929 314 136 343 165 0.4433 227 246 254 273 0.1503 245 225 272 252
lpbf_89939d2c216eda,0.5769 9 301 30 322 0.5037 86 320 117 351 0.4953 275 329 298 352 0.1913 288 328 311 351
lpbf_8db43e344c1498,0.9659 224 224 255 255 0.9485 316 137 345 166 0.5301 225 245 254 274 0.2358 243 242 274 273 0.1734 316 156 343 183 0.1345 244 225 273 254
lpbf_8edc4943ea5c75,0.7784 8 301 31 324 0.4464 289 6 312 29 0.3440 36 317 57 338 0.2736 21 301 44 324 0.2298 21 314 44 337
lpbf_9041c8100f4647,0.7045 9 301 32 324 0.4623 289 9 312 32 0.1871 66 320 97 351
lpbf_90b8c1d019e4fd,0.7235 8 300 33 325 0.4173 23 302 44 323 0.4119 288 6 311 29 0.3558 35 315 58 338 0.2048 21 315 44 338
lpbf_9492e28a9ab2b1,0.9836 315 136 346 167 0.9438 225 225 254 254 0.3148 226 245 255 274 0.2736 245 225 274 254 0.2222 242 242 273 273
lpbf_94c7a63ac0782f,0.5924 6 301 29 324 0.2581 273 328 296 351 0.2351 86 320 117 351
lpbf_982bb1fd946d19,0.7197 35 316 58 339 0.4476 8 302 33 327 0.3318 45 319 78 352 0.2640 82 316 115 349 0.2557 289 7 312 30 0.1283 63 319 94 350
lpbf_9b0f2ad15aec32,0.9864 389 99 418 128 0.4557 296 115 329 148
lpbf_9bd8f5d3830c87,0.6781 7 300 32 325 0.4720 289 9 312 32 0.2850 66 319 97 350
lpbf_9e44fc7b5174f1,0.6869 7 301 30 324 0.3128 274 329 295 350 0.2149 84 321 115 352
lpbf_a0d38f1b0b9dc5,0.6145 7 301 30 324 0.5570 288 6 311 29 0.4263 36 316 59 339 0.2604 22 301 45 324 0.1486 21 315 44 338
lpbf_a16dba763de505,0.9585 225 224 256 255 0.7554 316 136 345 165 0.3205 227 246 254 273 0.2766 245 225 274 254 0.2078 243 241 274 272
lpbf_a1e222482601b5,0.9399 225 226 254 255 0.9178 315 136 342 163 0.1221 227 245 254 272
lpbf_a64a6069837011,0.6318 7 301 30 324 0.6312 65 320 96 351 0.2329 285 7 310 32
lpbf_a7427a2ec3ea33,0.5653 117 206 148 237 0.5138 209 280 236 307 0.4488 297 299 328 330 0.2292 116 277 147 308 0.1564 206 261 237 292
lpbf_ac004cec94dd26,0.7634 6 300 31 325 0.6088 65 318 96 349 0.2149 105 318 134 347 0.2006 83 318 114 349 0.1636 286 7 311 32
lpbf_b08d8f1560c04b,0.9765 312 134 345 167 0.9312 224 224 257 257 0.5997 135 315 168 348 0.1784 225 243 256 274 0.1774 156 331 187 362 0.1385 135 335 166 366
lpbf_b1d681a2f9cb6c,
lpbf_b3e3df423e205e,
lpbf_b5f2a9ea856042,0.7634 6 300 31 325 0.4334 66 319 97 350 0.2233 83 318 114 349 0.1417 286 7 311 32
lpbf_b7fcf933ac9d24,0.9914 351 81 382 112 0.7336 259 80 292 113 0.3723 331 81 360 110 0.1620 330 63 361 94
lpbf_b865b5dc99e809,0.9859 389 98 418 127 0.3530 296 115 329 148 0.2126 407 98 434 125
lpbf_b8a6ac52a14a67,0.8437 6 300 31 325 0.5291 35 316 58 339 0.4212 22 315 45 338 0.3330 288 7 311 30 0.1213 20 298 47 325
lpbf_b99214cd5ec1ee,0.8104 7 300 32 325 0.3363 287 5 312 30 0.3223 23 316 46 339 0.2566 22 301 45 324 0.1600 36 317 59 340 0.1360 46 318 77 349
lpbf_bb611794d1d2c1,0.9311 224 225 255 256 0.9142 314 134 345 165 0.2637 245 245 274 274 0.2621 157 336 186 365 0.1451 224 246 253 275
lpbf_bdb6831085a96b,0.9549 387 99 416 128 0.2871 297 115 330 148
lpbf_bdc25ef89ad71b,0.9280 226 226 253 253 0.3962 315 133 348 166 0.1483 227 245 254 272
lpbf_be4edba9c96eb8,0.9630 225 225 256 256 0.9012 314 134 345 165 0.2540 245 225 274 254 0.2412 226 246 253 273 0.2033 317 156 344 183 0.1614 243 243 274 274
lpbf_c18f2902432527,0.7520 8 300 31 323 0.6227 272 328 295 351 0.4515 85 319 116 350 0.1703 288 329 311 352
lpbf_c39644d93b1177,0.6359 6 301 31 326 0.4839 289 6 312 29 0.2617 22 301 45 324 0.2419 21 314 44 337 0.1929 37 316 58 337
lpbf_c4661ea096fd6b,0.6578 6 300 31 325 0.5207 289 6 312 29 0.3520 35 316 58 339 0.2952 22 301 45 324 0.1548 21 315 44 338
lpbf_c620bb13e09f87,0.9404 315 135 346 166 0.8418 224 223 257 256 0.3640 223 243 254 274
lpbf_cb25fb63b2eacb,0.6069 289 329 312 352 0.5726 9 303 32 326 0.4694 273 329 294 350 0.4013 82 317 115 350
lpbf_cbe5a62d9c55ec,0.5697 34 315 57 338 0.4560 9 302 32 325 0.4489 289 6 314 31 0.2692 65 321 96 352 0.1489 22 303 45 326
lpbf_cc35ffb5823724,0.9752 225 224 256 255 0.9546 315 136 344 165 0.4907 226 245 255 274 0.1491 245 224 274 253 0.1312 317 155 344 182
lpbf_cc77f0f3f81939,0.5857 8 301 31 324 0.4796 288 6 311 29 0.4260 36 317 57 338 0.2400 23 302 44 323 0.1829 21 315 44 338
lpbf_cdd696f8a4c628,0.9717 223 224 256 257 0.9275 314 135 345 166 0.4054 226 245 255 274 0.1983 135 318 162 345 0.1316 316 153 345 182
lpbf_d242dbfc75b895,0.9692 226 225 255 254 0.7889 316 137 345 166 0.3484 227 246 254 273 0.1662 206 225 235 254 0.1560 245 225 272 252
lpbf_d308a5102de37a,0.9924 351 82 380 111 0.8430 260 80 291 111 0.3505 333 82 362 111
lpbf_d343fc1970c143,0.8937 225 224 254 253 0.8137 314 133 347 166 0.4896 227 247 254 274 0.1522 246 227 273 254 0.1463 317 156 346 185
lpbf_d42eee6d294ada,0.7149 6 301 29 324 0.4544 272 328 295 351 0.2490 83 318 116 351 0.2066 288 329 311 352
lpbf_d4a4c5f7b3b719,0.7844 8 300 31 323 0.3989 289 6 312 29 0.3900 23 315 46 338 0.1826 37 317 58 338 0.1321 23 301 44 322
lpbf_d63bdf2c8291f6,0.6927 9 302 32 325 0.4526 289 9 312 32 0.2001 67 320 98 351
lpbf_d6e7be0a112118,0.7404 7 300 30 323 0.4217 273 328 296 351 0.2149 83 321 114 352 0.2006 289 330 310 351
lpbf_e5dca878a6db5c,0.7817 8 301 31 324 0.4976 287 5 312 30 0.4374 23 315 46 338 0.1600 37 318 58 339 0.1347 22 300 45 323
lpbf_e73e01249ef991,0.9936 352 83 381 112 0.8061 263 82 290 109 0.3679 332 82 361 111
lpbf_e76b2070bea553,0.9655 315 137 342 164 0.9251 225 225 254 254 0.4179 227 246 254 273 0.2566 245 224 274 253 0.2248 333 132 364 163 0.2172 316 155 343 182
lpbf_e99c20f0f5bff7,0.9674 224 225 255 256 0.8559 315 136 344 165 0.5082 224 245 253 274 0.2285 245 225 274 254 0.2236 317 156 344 183 0.1417 296 135 325 164
lpbf_e9a92bc0c3071e,0.7404 6 300 29 323 0.2038 274 329 297 352 0.1964 86 320 117 351 0.1324 289 330 310 351
lpbf_f01c2e1c1ff434,0.6547 98 117 127 146 0.4507 137 315 164 342
lpbf_f1f5b9a39ec827,0.6678 8 301 31 324 0.5726 288 6 311 29 0.2824 21 314 44 337 0.2538 22 301 45 324 0.1725 34 314 57 337
lpbf_f20c846527f4c4,0.7687 299 116 332 149
lpbf_f3417fa9fc7881,0.6325 97 116 128 147 0.4942 136 314 165 343
lpbf_f3b4457ff3b44a,0.9493 225 225 254 254 0.8975 315 136 344 165 0.3754 226 246 253 273 0.1833 246 225 273 252
lpbf_f638fce7955b7f,0.7585 9 301 32 324 0.5045 287 5 312 30 0.3802 23 315 46 338 0.1600 36 317 59 340 0.1538 22 300 45 323 0.1400 45 318 76 349
lpbf_f6aa1bfdb7dc02,0.9615 225 226 254 255 0.9610 316 138 343 165 0.2815 225 245 254 274 0.2472 243 244 272 273 0.1485 244 225 273 254
lpbf_f757dee4a8b275,0.5467 7 302 32 327 0.2306 285 7 310 32 0.1606 62 319 95 352
lpbf_fa9c04141f7ea6,0.6138 98 117 127 146 0.5864 136 318 161 343
lpbf_faa726f18608fc,0.9475 223 224 254 255 0.7363 313 134 346 167 0.2975 226 246 253 273 0.2892 243 225 272 254 0.2574 316 155 343 182 0.1482 332 133 363 164
lpbf_fc948bdc64dcc2,0.5690 9 303 32 326 0.4750 273 329 294 350 0.4221 82 317 115 350 0.4175 288 328 311 351
lpbf_fce5ecc8f2b7f3,0.7653 7 300 30 323 0.2366 86 320 117 351 0.1999 274 329 297 352 0.1333 288 8 311 31 0.1264 21 299 46 324
lpbf_fcf6830f8ff9cd,0.6554 6 299 31 324 0.4931 286 8 309 31 0.2902 21 314 44 337 0.2388 35 317 58 340 0.1736 22 301 45 324
lpbf_ffb8147749fc2e,0.5849 7 301 30 324 0.4117 86 320 117 351 0.1311 105 319 134 348
